date,symbol,exchange,deal_type,side,client,qty,price
2026-05-27,ACSTECH,NSE,bulk,SELL,MANSI SHARE AND STOCK BROKING PRIVATE LIMITED,413216,34.72
2026-05-27,ECOLINE,NSE,bulk,SELL,MANSI SHARE AND STOCK BROKING PRIVATE LIMITED,112000,148.21
2026-05-27,VPAL,BSE,bulk,BUY,MANSI SHARE AND STOCK BROKING PRIVATE LIMITED,400000,118.1
2026-05-29,ADISOFT,NSE,bulk,SELL,MANSI SHARE AND STOCK BROKING PRIVATE LIMITED,139200,208.84
2026-05-29,BMLL,NSE,bulk,BUY,MANSI SHARE AND STOCK BROKING PRIVATE LIMITED,100000,105.65
2026-05-29,QLINE,NSE,bulk,BUY,MANSI SHARE AND STOCK BROKING PRIVATE LIMITED,136400,448.47
2026-05-29,TIPCO,BSE,bulk,SELL,MANSI SHARE AND STOCK BROKING PRIVATE LIMITED,464000,172.06
2026-05-29,VIVIDEL,NSE,bulk,SELL,MANSI SHARE AND STOCK BROKING PRIVATE LIMITED,62880,965.0
2026-06-01,HIGHNESS,BSE,bulk,SELL,VENKATA NAGARAJU PADALA,27600,136.74
2026-06-11,EBGNG,NSE,block,BUY,MOTILAL OSWAL EQUITY OPPORTUNITIES FUND SERIES II,641027,390
2026-06-11,EBGNG,NSE,block,BUY,MIRAE ASSET MUTUAL FUND,641032,390
2026-06-11,EBGNG,NSE,block,BUY,ITI MUTUAL FUND,641029,390
2026-06-11,EBGNG,NSE,block,BUY,MCP EMERGING MARKETS FUND LP,145662,390
2026-06-11,EBGNG,NSE,block,BUY,GOLDMAN SACHS FUNDS-GOLDMAN SACHS ASIA EQUITY PORTFOLIO,641031,390
2026-06-11,EBGNG,NSE,block,BUY,EDELWEISS MUTUAL FUND,641028,390
2026-06-11,EBGNG,NSE,block,BUY,MOBIUS INVESTMENT TRUST PLC,495364,390
2026-06-11,EBGNG,NSE,block,BUY,TRUST MUTUAL FUND,641030,390
2026-06-11,EBGNG,NSE,block,SELL,VIDHI S KHANDELWAL,4487203,390
2026-06-11,LENSKART,NSE,block,BUY,NATIONAL PENSION SYSTEM (NPS) TRUST,2000000,490
2026-06-11,LENSKART,NSE,block,BUY,ICICI PRUDENTIAL MUTUAL FUND,1224490,490
2026-06-11,LENSKART,NSE,block,BUY,INTEGRATED CORE STRATEGIES (ASIA) PTE LTD,1326531,490
2026-06-11,LENSKART,NSE,block,BUY,KOTAK FUNDS-INDIA MIDCAP FUND,714286,490
2026-06-11,LENSKART,NSE,block,BUY,KOTAK MAHINDRA LIFE INSURANCE COMPANY LIMITED,1020409,490
2026-06-11,LENSKART,NSE,block,BUY,KOTAK MAHINDRA MUTUAL FUND,12061211,490
2026-06-11,LENSKART,NSE,block,BUY,MIRAE ASSET MUTUAL FUND,2204083,490
2026-06-11,LENSKART,NSE,block,BUY,MORGAN STANLEY ASIA SINGAPORE PTE,510205,490
2026-06-11,LENSKART,NSE,block,BUY,SBI MUTUAL FUND,918368,490
2026-06-11,LENSKART,NSE,block,BUY,SOCIETE GENERALE,1020410,490
2026-06-11,LENSKART,NSE,block,BUY,VIRIDIAN ASIA OPPORTUNITIES MASTER FUND,1326531,490
2026-06-11,LENSKART,NSE,block,BUY,HDFC LIFE INSURANCE COMPANY LIMITED,1020409,490
2026-06-11,LENSKART,NSE,block,BUY,GOLDMAN SACHS INVESTMENTS MAURITIUS I LIMITED,1122450,490
2026-06-11,LENSKART,NSE,block,BUY,GHISALLO MASTER FUND LP,816327,490
2026-06-11,LENSKART,NSE,block,BUY,FRANKLIN TEMPLETON MUTUAL FUND,2244898,490
2026-06-11,LENSKART,NSE,block,BUY,CITIGROUP GLOBAL MARKETS MAURITIUS PRIVATE LIMITED,612245,490
2026-06-11,LENSKART,NSE,block,BUY,CANARA ROBECO MUTUAL FUND,3224491,490
2026-06-11,LENSKART,NSE,block,BUY,ALPHA ALTERNATIVES EQUITY ABSOLUTE RETURN FUND,510205,490
2026-06-11,LENSKART,NSE,block,BUY,ADITYA BIRLA SUN LIFE MUTUAL FUND,1020409,490
2026-06-11,LENSKART,NSE,block,BUY,ICICI PRUDENTIAL LIFE INSURANCE COMPANY LIMITED,2040817,490
2026-06-11,LENSKART,NSE,block,BUY,NATIONAL PENSION SYSTEM (NPS) TRUST,3061225,490
2026-06-11,LENSKART,NSE,block,SELL,PLATINUM JASMINE A 2018 TRUST,40000000,490
2026-06-16,AARTECH,NSE,bulk,BUY,KRISHNA AWTAR JAGANNATH KABRA HUF,325352,48.45
2026-06-16,AARTECH,NSE,bulk,SELL,KRISHNA AWTAR JAGANNATH KABRA HUF,325352,48.71
2026-06-16,ADISHAKTI,BSE,bulk,BUY,ARORA FIBRES LIMITED,250000.0,13.9
2026-06-16,ADISHAKTI,BSE,bulk,SELL,RUKMANI DEVI MITTAL,250000.0,13.94
2026-06-16,ADISHAKTI,BSE,bulk,SELL,KIRAN  MITTAL,150000.0,13.9
2026-06-16,ADISHAKTI,BSE,bulk,SELL,PINE VIEW PORTFOLIO CONSULTANTS PRIVATE LIMITED,100000.0,11.32
2026-06-16,AGARIND,NSE,bulk,BUY,HRTI PRIVATE LIMITED,87863,586.56
2026-06-16,AGARIND,NSE,bulk,BUY,YUGA STOCKS AND COMMODITIES PRIVATE LIMITED,86366,599.34
2026-06-16,AGARIND,NSE,bulk,BUY,JUNOMONETA FINSOL PRIVATE LIMITED,99695,586.41
2026-06-16,AGARIND,NSE,bulk,SELL,YUGA STOCKS AND COMMODITIES PRIVATE LIMITED,97566,594.51
2026-06-16,AGARIND,NSE,bulk,SELL,HRTI PRIVATE LIMITED,95765,587.44
2026-06-16,AGARIND,NSE,bulk,SELL,JUNOMONETA FINSOL PRIVATE LIMITED,98858,587.36
2026-06-16,ALTIUSINVIT,BSE,bulk,SELL,BIF IV JARVIS INDIA PTE.LTD.,25250000.0,165.02
2026-06-16,ALTIUSINVIT,BSE,bulk,SELL,ANAHERA INVESTMENT PTE. LTD.,55375000.0,165.01
2026-06-16,ALTIUSINVIT,BSE,bulk,SELL,BIF IV JARVIS INDIA PTE LTD,62825000.0,165.01
2026-06-16,ALTIUSINVIT,BSE,bulk,BUY,LARSEN & TOUBRO LIMITED,38050000.0,165.0
2026-06-16,ALTIUSINVIT,BSE,bulk,SELL,ROSSLAND IMC LIMITED PARTNERSHIP,28650000.0,165.05
2026-06-16,ALTIUSINVIT,BSE,bulk,SELL,BIF IV JARVIS INDIA PTE. LTD.,20075000.0,165.0
2026-06-16,ALTIUSINVIT,BSE,bulk,SELL,BIF IV JARVIS INDIA PTE. LTD.,29375000.0,165.04
2026-06-16,ALTIUSINVIT,BSE,block,BUY,INFRASTRUCTURE AND REAL ASSETS FUND,4525000.0,165.0
2026-06-16,ALTIUSINVIT,BSE,block,BUY,DALAL AND BROACHA STOCK BROKING PVT LTD,1550000.0,165.08
2026-06-16,ALTIUSINVIT,BSE,block,BUY,IIFL MANAGEMENT SERVICES LIMITED,1525000.0,165.02
2026-06-16,ALTIUSINVIT,BSE,block,BUY,NEO INFRA INCOME OPPORTUNITIES FUND II,13025000.0,165.0
2026-06-16,ALTIUSINVIT,BSE,block,BUY,NEO MARKETS SERVICES PRIVATE LIMITED,3150000.0,165.03
2026-06-16,ALTIUSINVIT,BSE,block,BUY,NEO PRIME FUND,1550000.0,165.02
2026-06-16,ALTIUSINVIT,BSE,block,BUY,NEO TREASURY PLUS FUND,1550000.0,165.04
2026-06-16,ALTIUSINVIT,BSE,block,BUY,INDIAN ENERGY EXCHANGE LIMITED,3000000.0,165.0
2026-06-16,ALTIUSINVIT,BSE,block,BUY,JM FINANCIAL SERVICES LIMITED,5150000.0,165.0
2026-06-16,ALTIUSINVIT,BSE,block,BUY,LARSEN AND TOUBRO OFFICERS AND SUPERVISORY STAFF PROVIDENT FUND,3025000.0,165.0
2026-06-16,ALTIUSINVIT,BSE,block,BUY,ASK FINANCIAL HOLDINGS PRIVATE LIMITED,1525000.0,165.0
2026-06-16,ALTIUSINVIT,BSE,block,BUY,ASK FINANCIAL HOLDINGS PRIVATE LIMITED,3025000.0,165.01
2026-06-16,ALTIUSINVIT,BSE,block,BUY,NUVAMA MULTI ASSET STRATEGY RETURN FUND,1525000.0,165.0
2026-06-16,ALTIUSINVIT,BSE,block,BUY,EDELWEISS MUTUAL FUND,3925000.0,165.0
2026-06-16,ALTIUSINVIT,BSE,block,BUY,BAJAJ LIFE INSURANCE LIMITED,2425000.0,165.0
2026-06-16,ALTIUSINVIT,BSE,block,BUY,ASKWA INCOME OPPORTUNITIES AIF,1525000.0,165.0
2026-06-16,ALTIUSINVIT,BSE,block,BUY,PHILLIP SERVICES INDIA PRIVATE LIMITED,1550000.0,165.07
2026-06-16,ALTIUSINVIT,BSE,block,BUY,BHARTI AXA LIFE INSURANCE COMPANY LIMITED,1525000.0,165.02
2026-06-16,ALTIUSINVIT,BSE,block,BUY,BENNETT COLEMAN & COMPANY LIMITED,3025000.0,165.0
2026-06-16,ALTIUSINVIT,BSE,block,BUY,LARSEN & TOUBRO LIMITED,38050000.0,165.0
2026-06-16,ALTIUSINVIT,BSE,block,BUY,L & T WELFARE COMPANY LIMITED,3050000.0,165.0
2026-06-16,ALTIUSINVIT,BSE,block,BUY,L AND T EMPLOYEES WELFARE FOUNDATION PRIVATE LIMITED,9075000.0,165.0
2026-06-16,ALTIUSINVIT,BSE,block,BUY,NIPPON INDIA MUTUAL FUND,2000000.0,165.0
2026-06-16,ALTIUSINVIT,BSE,block,BUY,NIPPON INDIA MUTUAL FUND,5575000.0,165.0
2026-06-16,ALTIUSINVIT,BSE,block,BUY,WHITEOAK CAPITAL MUTUAL FUND,6075000.0,165.0
2026-06-16,ALTIUSINVIT,BSE,block,BUY,ANGEL ONE WEALTH LIMITED,1525000.0,165.09
2026-06-16,ALTIUSINVIT,BSE,block,BUY,LTM LIMITED,7575000.0,165.0
2026-06-16,ALTIUSINVIT,BSE,block,BUY,SHYAM SEL AND POWER LIMITED,1525000.0,165.0
2026-06-16,ALTIUSINVIT,BSE,block,BUY,360 ONE PRIME LIMITED,12600000.0,165.0
2026-06-16,ALTIUSINVIT,BSE,block,BUY,SHYAM METALICS AND ENERGY LIMITED,1525000.0,165.0
2026-06-16,ALTIUSINVIT,BSE,block,BUY,FAMY FINANCE PRIVATE LIMITED,3025000.0,165.0
2026-06-16,ALTIUSINVIT,BSE,block,BUY,NEO WEALTH PARTNERS PRIVATE LIMITED,6200000.0,165.01
2026-06-16,ALTIUSINVIT,BSE,block,BUY,NEO REAL ASSET YIELD FUND,1800000.0,165.04
2026-06-16,ALTIUSINVIT,BSE,block,BUY,LGT WEALTH INDIA PRIVATE LIMITED,1600000.0,165.08
2026-06-16,ALTIUSINVIT,BSE,block,BUY,SUNDARAM MUTUAL FUND,6075000.0,165.0
2026-06-16,ALTIUSINVIT,BSE,block,BUY,EDELWEISS TOKIO LIFE INSURANCE COMPANY LIMITED,1525000.0,165.0
2026-06-16,ALTIUSINVIT,BSE,block,SELL,BIF IV JARVIS INDIA PTE. LTD.,1525000.0,165.0
2026-06-16,ALTIUSINVIT,BSE,block,SELL,BIF IV JARVIS INDIA PTE. LTD.,2425000.0,165.0
2026-06-16,ALTIUSINVIT,BSE,block,SELL,BIF IV JARVIS INDIA PTE. LTD.,3000000.0,165.0
2026-06-16,ALTIUSINVIT,BSE,block,SELL,BIF IV JARVIS INDIA PTE. LTD.,3025000.0,165.0
2026-06-16,ALTIUSINVIT,BSE,block,SELL,BIF IV JARVIS INDIA PTE. LTD.,3925000.0,165.0
2026-06-16,ALTIUSINVIT,BSE,block,SELL,BIF IV JARVIS INDIA PTE. LTD.,4525000.0,165.0
2026-06-16,ALTIUSINVIT,BSE,block,SELL,BIF IV JARVIS INDIA PTE. LTD.,5150000.0,165.0
2026-06-16,ALTIUSINVIT,BSE,block,SELL,BIF IV JARVIS INDIA PTE LTD,3025000.0,165.0
2026-06-16,ALTIUSINVIT,BSE,block,SELL,BIF IV JARVIS INDIA PTE LTD,3050000.0,165.0
2026-06-16,ALTIUSINVIT,BSE,block,SELL,BIF IV JARVIS INDIA PTE LTD,5575000.0,165.0
2026-06-16,ALTIUSINVIT,BSE,block,SELL,BIF IV JARVIS INDIA PTE LTD,6075000.0,165.0
2026-06-16,ALTIUSINVIT,BSE,block,SELL,BIF IV JARVIS INDIA PTE LTD,7575000.0,165.0
2026-06-16,ALTIUSINVIT,BSE,block,SELL,BIF IV JARVIS INDIA PTE LTD,9075000.0,165.0
2026-06-16,ALTIUSINVIT,BSE,block,SELL,BIF IV JARVIS INDIA PTE LTD,13025000.0,165.0
2026-06-16,ALTIUSINVIT,BSE,block,SELL,BIF IV JARVIS INDIA PTE LTD,6200000.0,165.01
2026-06-16,ALTIUSINVIT,BSE,block,SELL,BIF IV JARVIS INDIA PTE LTD,1550000.0,165.02
2026-06-16,ALTIUSINVIT,BSE,block,SELL,BIF IV JARVIS INDIA PTE LTD,3150000.0,165.03
2026-06-16,ALTIUSINVIT,BSE,block,SELL,BIF IV JARVIS INDIA PTE LTD,1800000.0,165.04
2026-06-16,ALTIUSINVIT,BSE,block,SELL,ANAHERA INVESTMENT PTE. LTD.,2000000.0,165.0
2026-06-16,ALTIUSINVIT,BSE,block,SELL,ANAHERA INVESTMENT PTE. LTD.,3025000.0,165.0
2026-06-16,ALTIUSINVIT,BSE,block,SELL,ANAHERA INVESTMENT PTE. LTD.,38050000.0,165.0
2026-06-16,ALTIUSINVIT,BSE,block,SELL,ANAHERA INVESTMENT PTE. LTD.,1525000.0,165.02
2026-06-16,ALTIUSINVIT,BSE,block,SELL,ANAHERA INVESTMENT PTE. LTD.,1550000.0,165.07
2026-06-16,ALTIUSINVIT,BSE,block,SELL,ANAHERA INVESTMENT PTE. LTD.,1600000.0,165.08
2026-06-16,ALTIUSINVIT,BSE,block,SELL,BIF IV JARVIS INDIA PTE.LTD.,1525000.0,165.0
2026-06-16,ALTIUSINVIT,BSE,block,SELL,BIF IV JARVIS INDIA PTE.LTD.,6075000.0,165.0
2026-06-16,ALTIUSINVIT,BSE,block,SELL,BIF IV JARVIS INDIA PTE.LTD.,12600000.0,165.0
2026-06-16,ANMOL,NSE,bulk,BUY,VIJAY KUMAR,3440000,11.28
2026-06-16,ANMOL,NSE,bulk,SELL,TILAK RAJ,3440000,11.28
2026-06-16,ARCEEIN,BSE,bulk,SELL,RAJEEV KUMAR PATHAK,30000.0,14.0
2026-06-16,ARCEEIN,BSE,bulk,SELL,SEJAL BINISH PARIKH,30000.0,14.0
2026-06-16,ARCEEIN,BSE,bulk,BUY,UNLISTED ASSETS PRIVATE LIMITED,35000.0,14.0
2026-06-16,ARCEEIN,BSE,bulk,BUY,SUNITA  RANI,36000.0,14.0
2026-06-16,ARCEEIN,BSE,bulk,BUY,KARAN AGARWAL HUF,60000.0,14.0
2026-06-16,ARCEEIN,BSE,bulk,SELL,HARSHA GOYAL,60000.0,14.0
2026-06-16,ARMAN,BSE,bulk,BUY,KANNATHAL  VENKATACHALAM,27300.0,110.0
2026-06-16,ASHNI,BSE,bulk,SELL,ADITYA ENTERPRISE,2758287.0,3.0
2026-06-16,ASHNI,BSE,bulk,SELL,PARAMOUNT INCORPORATION,3999200.0,3.0
2026-06-16,ASHNI,BSE,bulk,BUY,BHAVISHYA ECOMMERCE PRIVATE LIMITED,2000000.0,3.0
2026-06-16,ATALREAL,NSE,bulk,BUY,HRTI PRIVATE LIMITED,761138,31.19
2026-06-16,ATALREAL,NSE,bulk,BUY,ALTIZEN VENTURES LLP,559229,30.92
2026-06-16,ATALREAL,NSE,bulk,SELL,HRTI PRIVATE LIMITED,367717,30.88
2026-06-16,ATALREAL,NSE,bulk,SELL,ALTIZEN VENTURES LLP,687270,30.95
2026-06-16,BABAFP,NSE,bulk,BUY,MAHENDRA GIRDHARILAL WADHWANI,86400,22.2
2026-06-16,BACPHAR,BSE,bulk,SELL,JR SEAMLESS PRIVATE LIMITED,2104.0,41.0
2026-06-16,BACPHAR,BSE,bulk,BUY,JR SEAMLESS PRIVATE LIMITED,90304.0,37.35
2026-06-16,BACPHAR,BSE,bulk,BUY,JAGWANI MURLIDHAR,87828.0,40.46
2026-06-16,BACPHAR,BSE,bulk,SELL,JAGWANI MURLIDHAR,32200.0,40.0
2026-06-16,BHARATGEAR,NSE,bulk,BUY,NK SECURITIES RESEARCH PRIVATE LIMITED,98735,130.03
2026-06-16,BHARATGEAR,NSE,bulk,BUY,ANKITA VISHAL SHAH,83839,133.74
2026-06-16,BHARATGEAR,NSE,bulk,SELL,ANKITA VISHAL SHAH,84459,136.81
2026-06-16,BHARATGEAR,NSE,bulk,SELL,NK SECURITIES RESEARCH PRIVATE LIMITED,98735,130.15
2026-06-16,BIKEWO,NSE,bulk,SELL,VIBHAV ENGINEERING SOLUTIONS PRIVATE LIMITED,70000,30.22
2026-06-16,CBPL,BSE,bulk,SELL,TEAM ANAMIKA ALGO LIMITED,49000.0,44.0
2026-06-16,DHYAANITR,BSE,bulk,BUY,SHIV SHAKTI TRADING COMPANY,117600.0,4.82
2026-06-16,DHYAANITR,BSE,bulk,SELL,SHIV SHAKTI TRADING COMPANY,72800.0,4.85
2026-06-16,DHYAANITR,BSE,bulk,SELL,KRISHNA TRADE FINANCE,123200.0,4.85
2026-06-16,DHYAANITR,BSE,bulk,BUY,AMAN VIPUL SHAH,299600.0,4.85
2026-06-16,DJML,NSE,bulk,BUY,MSB E TRADE SECURITIES LIMITED,174761,112.39
2026-06-16,DJML,NSE,bulk,SELL,MSB E TRADE SECURITIES LIMITED,182773,111.37
2026-06-16,ETML,NSE,bulk,BUY,SAMIR ARVIND THAKKAR,120000,78
2026-06-16,EUREKAI,BSE,bulk,BUY,EPITOME TRADING AND INVESTMENTS,50000.0,11.5
2026-06-16,EXICOM,NSE,bulk,BUY,JUNOMONETA FINSOL PRIVATE LIMITED,2061225,167.03
2026-06-16,EXICOM,NSE,bulk,BUY,HRTI PRIVATE LIMITED,2073616,166.44
2026-06-16,EXICOM,NSE,bulk,BUY,MICROCURVES TRADING PRIVATE LIMITED,1938316,167.66
2026-06-16,EXICOM,NSE,bulk,BUY,QE SECURITIES LLP,1467486,166.42
2026-06-16,EXICOM,NSE,bulk,BUY,MARWADI SHARES AND FINANCE LTD.,688306,166.95
2026-06-16,EXICOM,NSE,bulk,SELL,MARWADI SHARES AND FINANCE LTD.,730202,166.5
2026-06-16,EXICOM,NSE,bulk,SELL,QE SECURITIES LLP,1430198,167.77
2026-06-16,EXICOM,NSE,bulk,SELL,MICROCURVES TRADING PRIVATE LIMITED,1938316,167.77
2026-06-16,EXICOM,NSE,bulk,SELL,JUNOMONETA FINSOL PRIVATE LIMITED,2055710,167.16
2026-06-16,EXICOM,NSE,bulk,SELL,HRTI PRIVATE LIMITED,2041644,167.67
2026-06-16,FABTECH,NSE,bulk,BUY,NK SECURITIES RESEARCH PRIVATE LIMITED,321928,161.65
2026-06-16,FABTECH,NSE,bulk,SELL,NK SECURITIES RESEARCH PRIVATE LIMITED,321928,161.79
2026-06-16,GALAGEX,BSE,bulk,BUY,PROGNOSIS SECURITIES PVT. LTD.,358000.0,63.57
2026-06-16,GALAGEX,BSE,bulk,SELL,PROGNOSIS SECURITIES PVT. LTD.,10000.0,61.0
2026-06-16,GALAGEX,BSE,bulk,BUY,WEALTHWISE CAPITAL,250000.0,64.88
2026-06-16,GALAGEX,BSE,bulk,SELL,BLUESKY INFRA DEVELOPERS PRIVATE LIMITED,581560.0,64.16
2026-06-16,GALAGEX,BSE,bulk,BUY,BLUESKY INFRA DEVELOPERS PRIVATE LIMITED,1010.0,65.14
2026-06-16,GOKUL,NSE,bulk,BUY,NECTA BLOOM VCC - NECTA BLOOM ONE,504693,40.71
2026-06-16,GOKUL,NSE,bulk,SELL,MARWADI SHARES AND FINANCE LTD.,504693,40.7
2026-06-16,GUJCOTEX,BSE,bulk,BUY,MANSI SHARE AND STOCK BROKING PRIVATE LIMITED,816828.0,3.93
2026-06-16,GUJCOTEX,BSE,bulk,SELL,MANSI SHARE AND STOCK BROKING PRIVATE LIMITED,195320.0,3.93
2026-06-16,GUJINJEC,BSE,bulk,SELL,SURENDRA NEMCHAND SHAH,100000.0,113.05
2026-06-16,HEXAGON,NSE,bulk,BUY,NAVRATRI SHARE TRADING PRIVATE LIMITED .,630000,54.14
2026-06-16,HEXAGON,NSE,bulk,SELL,NAVRATRI SHARE TRADING PRIVATE LIMITED .,630000,50.78
2026-06-16,INDIAHOMES,BSE,bulk,BUY,HILL TOP IMPEX PVT LTD .,2299046.0,22.63
2026-06-16,IPHL,NSE,bulk,SELL,SHIVA PRASAD KONDA,132000,53.37
2026-06-16,JSHL,BSE,bulk,SELL,NEETU  GUPTA,35000.0,4.9
2026-06-16,KOBO,BSE,bulk,SELL,DARSHANA MEHUL SHAH,145500.0,6.58
2026-06-16,KOBO,BSE,bulk,SELL,SUSHMA SANJAY PUNAMIYA,122295.0,6.58
2026-06-16,KONNDOR,BSE,bulk,BUY,DEXDOM IMPAX PRIVATE LIMITED,100000.0,21.0
2026-06-16,KONNDOR,BSE,bulk,SELL,MIDAS FLEXIPACKS PVT LTD,100000.0,21.0
2026-06-16,KONNDOR,BSE,bulk,SELL,RAGHAV BUSINESS CENTER PRIVATE LIMITED,100000.0,21.0
2026-06-16,KONNDOR,BSE,bulk,BUY,NEXONINA EXIM PRIVATE LIMITED,100000.0,21.0
2026-06-16,LAMOSAIC,NSE,bulk,BUY,KARAN BALVANTBHAI PATEL,99000,28.5
2026-06-16,LAMOSAIC,NSE,bulk,BUY,VIKAS RAMESH MEHTA,130200,28.5
2026-06-16,LAMOSAIC,NSE,bulk,BUY,TOUCHSTONE CAPITAL MARKET SERVICES PVT LTD,167400,28.5
2026-06-16,LAMOSAIC,NSE,bulk,SELL,VINOD JUTHALAL VISARIA,267000,28.5
2026-06-16,LAMOSAIC,NSE,bulk,SELL,MAMTA VINOD VISARIA,72600,28.5
2026-06-16,LOOKS,BSE,bulk,BUY,PALANIAPPAN RAM MEYYAPPAN,112147.0,10.0
2026-06-16,MANIVENI,BSE,bulk,SELL,LONGTHRIVE CAPITAL VCC - GAMMA VIEW FUNDS,104000.0,38.74
2026-06-16,MCLOUD,NSE,bulk,BUY,QE SECURITIES LLP,3065507,29.66
2026-06-16,MCLOUD,NSE,bulk,BUY,JUNOMONETA FINSOL PRIVATE LIMITED,4044207,29.58
2026-06-16,MCLOUD,NSE,bulk,SELL,JUNOMONETA FINSOL PRIVATE LIMITED,4063720,29.6
2026-06-16,MCLOUD,NSE,bulk,SELL,QE SECURITIES LLP,3050292,29.5
2026-06-16,MIDEASTP,BSE,bulk,SELL,JYOTI K SHAH,60000.0,31.24
2026-06-16,MOTISONS,NSE,bulk,BUY,PARNIT VENTURES PRIVATE LIMITED,35005293,14.1
2026-06-16,MOTISONS,NSE,bulk,BUY,HRTI PRIVATE LIMITED,10889440,14.49
2026-06-16,MOTISONS,NSE,bulk,BUY,AJAY GUPTA,6000000,14
2026-06-16,MOTISONS,NSE,bulk,BUY,ARIHANT CAPITAL MARKETS LIMITED,25781463,14.43
2026-06-16,MOTISONS,NSE,bulk,BUY,PLASTOMATIC PACKAGING PRIVATE LIMITED,6257822,14.12
2026-06-16,MOTISONS,NSE,bulk,BUY,NIRMALKUMAR PAREEK,6000000,14
2026-06-16,MOTISONS,NSE,bulk,BUY,CRABEL VINTRADE PRIVATE LIMITED,7500000,14
2026-06-16,MOTISONS,NSE,bulk,BUY,QE SECURITIES LLP,6637679,14.45
2026-06-16,MOTISONS,NSE,bulk,BUY,NEO APEX SHARE BROKING SERVICES LLP,7821122,14.16
2026-06-16,MOTISONS,NSE,bulk,SELL,PARNIT VENTURES PRIVATE LIMITED,35005293,14.18
2026-06-16,MOTISONS,NSE,bulk,SELL,PLASTOMATIC PACKAGING PRIVATE LIMITED,6257822,14.15
2026-06-16,MOTISONS,NSE,bulk,SELL,MINT FOCUSED GROWTH FUND PCC- CELL 1,10000000,14
2026-06-16,MOTISONS,NSE,bulk,SELL,PINE OAK GLOBAL FUND,22624440,14.1
2026-06-16,MOTISONS,NSE,bulk,SELL,ARIHANT CAPITAL MARKETS LIMITED,19230304,14.76
2026-06-16,MOTISONS,NSE,bulk,SELL,QE SECURITIES LLP,6576103,14.52
2026-06-16,MOTISONS,NSE,bulk,SELL,NEO APEX SHARE BROKING SERVICES LLP,7821122,14.15
2026-06-16,MOTISONS,NSE,bulk,SELL,HRTI PRIVATE LIMITED,11201382,14.59
2026-06-16,MOTISONS,NSE,bulk,SELL,NOVA GLOBAL OPPORTUNITIES FUND PCC - TOUCHSTONE,18552060,14
2026-06-16,MOTISONS,BSE,bulk,SELL,ARIHANT CAPITAL MARKETS LIMITED,7000000.0,14.05
2026-06-16,MSTCLTD,NSE,bulk,BUY,NK SECURITIES RESEARCH PRIVATE LIMITED,414231,695.5
2026-06-16,MSTCLTD,NSE,bulk,BUY,MICROCURVES TRADING PRIVATE LIMITED,602664,690.9
2026-06-16,MSTCLTD,NSE,bulk,BUY,JUNOMONETA FINSOL PRIVATE LIMITED,681024,686.41
2026-06-16,MSTCLTD,NSE,bulk,BUY,HRTI PRIVATE LIMITED,513180,680.75
2026-06-16,MSTCLTD,NSE,bulk,BUY,QE SECURITIES LLP,460773,683.95
2026-06-16,MSTCLTD,NSE,bulk,SELL,MICROCURVES TRADING PRIVATE LIMITED,602664,691.1
2026-06-16,MSTCLTD,NSE,bulk,SELL,HRTI PRIVATE LIMITED,527988,680.22
2026-06-16,MSTCLTD,NSE,bulk,SELL,QE SECURITIES LLP,464009,674.56
2026-06-16,MSTCLTD,NSE,bulk,SELL,JUNOMONETA FINSOL PRIVATE LIMITED,679810,686.63
2026-06-16,MSTCLTD,NSE,bulk,SELL,NK SECURITIES RESEARCH PRIVATE LIMITED,414231,695.76
2026-06-16,MTARTECH,NSE,bulk,BUY,HRTI PRIVATE LIMITED,182927,7612.6
2026-06-16,MTARTECH,NSE,bulk,SELL,HRTI PRIVATE LIMITED,174961,7607.68
2026-06-16,MYMUDRA,NSE,bulk,BUY,RAVI ASHOK KOTHARI,60000,73.97
2026-06-16,MYMUDRA,NSE,bulk,SELL,PROFIN CAPITAL SERVICES LIMITED,91200,74
2026-06-16,MYMUDRA,NSE,bulk,SELL,JAMMS STOCK BROKERS PRIVATE LIMITED,122400,74.02
2026-06-16,NAVIGANT,BSE,bulk,BUY,KRUPPA MEHTA,35000.0,76.75
2026-06-16,NAVIGANT,BSE,bulk,BUY,AIKYATA ADVISORY  LLP,65000.0,76.75
2026-06-16,NAVIGANT,BSE,bulk,BUY,GENZ INVESTMENT ADVISORS  PRIVATE LIMITED,120000.0,76.75
2026-06-16,NAVIGANT,BSE,bulk,SELL,SARTHAK  VIJLANI,257500.0,76.75
2026-06-16,NAVIGANT,BSE,bulk,BUY,MEETA HITEN MEHTA,40000.0,76.75
2026-06-16,NBL,BSE,bulk,SELL,KRIIS PORTFOLIO PRIVATE LIMITED,223200.0,76.4
2026-06-16,NBL,BSE,bulk,BUY,RITESH ARVIND POLADIA,150000.0,75.0
2026-06-16,NIITLTD,NSE,bulk,BUY,JUNOMONETA FINSOL PRIVATE LIMITED,1361077,101.92
2026-06-16,NIITLTD,NSE,bulk,BUY,ELIXIR WEALTH MANAGEMENT PRIVATE LIMITED,730532,103.34
2026-06-16,NIITLTD,NSE,bulk,BUY,HRTI PRIVATE LIMITED,657409,101.3
2026-06-16,NIITLTD,NSE,bulk,BUY,NK SECURITIES RESEARCH PRIVATE LIMITED,1209541,101.75
2026-06-16,NIITLTD,NSE,bulk,SELL,ELIXIR WEALTH MANAGEMENT PRIVATE LIMITED,688532,103.62
2026-06-16,NIITLTD,NSE,bulk,SELL,JUNOMONETA FINSOL PRIVATE LIMITED,1358144,101.97
2026-06-16,NIITLTD,NSE,bulk,SELL,NK SECURITIES RESEARCH PRIVATE LIMITED,1209541,101.8
2026-06-16,NIITLTD,NSE,bulk,SELL,HRTI PRIVATE LIMITED,700177,100.48
2026-06-16,NIKKIGL,BSE,bulk,SELL,SWATI AGARWALA,50000.0,21.5
2026-06-16,NIKKIGL,BSE,bulk,BUY,PANKAJKUMAR JAYANTILAL PATEL,96022.0,21.5
2026-06-16,NIKKIGL,BSE,bulk,SELL,DESAI RAJIV BHIKHALAL,17555.0,21.5
2026-06-16,NIKKIGL,BSE,bulk,SELL,DESAI KIRANBEN RAJIVKUMAR,24630.0,21.5
2026-06-16,NILAINFRA,NSE,bulk,BUY,CARE WEALTH ADVISORS LLP .,1977456,8
2026-06-16,NILAINFRA,NSE,bulk,SELL,JAINAM BROKING LIMITED,1977456,8
2026-06-16,NXT-INFRA,NSE,bulk,BUY,NUVAMA WEALTH FINANCE LIMITED,5150000,97
2026-06-16,NXT-INFRA,NSE,bulk,SELL,LARSEN & TOUBRO LIMITED,5150000,97
2026-06-16,ONDOOR,NSE,bulk,BUY,SHREYANS NAHAR .,34800,191.49
2026-06-16,ONDOOR,NSE,bulk,SELL,KYZER SHIPPING AND LOGISTICS PRIVATE LIMITED,40200,191.5
2026-06-16,PGEL,NSE,bulk,BUY,GRAVITON RESEARCH CAPITAL LLP,1599799,519.63
2026-06-16,PGEL,NSE,bulk,SELL,GRAVITON RESEARCH CAPITAL LLP,1599799,520.09
2026-06-16,PPARIVAH,BSE,bulk,BUY,QUANTUMGROWTH PARTNERS LLP,1200.0,171.45
2026-06-16,PPARIVAH,BSE,bulk,SELL,QUANTUMGROWTH PARTNERS LLP,108000.0,170.01
2026-06-16,PRIMECAPM,BSE,bulk,SELL,RAHUL  HARSH,125000.0,6.24
2026-06-16,QFIL,NSE,bulk,BUY,TAPASVI  BHARGAVA,38000,58.7
2026-06-16,QFIL,NSE,bulk,SELL,SATELLITE DEVELOPERS PRIVATE LIMITED,38000,58.7
2026-06-16,QUADFUTURE,NSE,bulk,BUY,MICROCURVES TRADING PRIVATE LIMITED,320002,416.15
2026-06-16,QUADFUTURE,NSE,bulk,BUY,NK SECURITIES RESEARCH PRIVATE LIMITED,203957,412.45
2026-06-16,QUADFUTURE,NSE,bulk,BUY,QE SECURITIES LLP,263585,413.69
2026-06-16,QUADFUTURE,NSE,bulk,BUY,HRTI PRIVATE LIMITED,189830,411.77
2026-06-16,QUADFUTURE,NSE,bulk,BUY,JUNOMONETA FINSOL PRIVATE LIMITED,338186,414.08
2026-06-16,QUADFUTURE,NSE,bulk,SELL,QE SECURITIES LLP,272367,411.98
2026-06-16,QUADFUTURE,NSE,bulk,SELL,NK SECURITIES RESEARCH PRIVATE LIMITED,203957,412.7
2026-06-16,QUADFUTURE,NSE,bulk,SELL,MICROCURVES TRADING PRIVATE LIMITED,320002,416.23
2026-06-16,QUADFUTURE,NSE,bulk,SELL,HRTI PRIVATE LIMITED,208569,411.44
2026-06-16,QUADFUTURE,NSE,bulk,SELL,JUNOMONETA FINSOL PRIVATE LIMITED,339666,414.23
2026-06-16,QUESTLAB,NSE,bulk,BUY,YASHVI HITESH PATEL,114000,102.93
2026-06-16,QUESTLAB,NSE,bulk,BUY,YASH HITESH PATEL,105600,102.1
2026-06-16,QUESTLAB,NSE,bulk,SELL,NEWTONLY PRIVATE LIMITED,187200,100.32
2026-06-16,RGL,BSE,bulk,BUY,MASSACHUSETTS INSTITUTE OF TECHNOLOGY,1640000.0,106.58
2026-06-16,RIIL,NSE,bulk,BUY,QE SECURITIES LLP,80241,844.8
2026-06-16,RIIL,NSE,bulk,BUY,INFINITY DATA TECHNOLOGIES PRIVATE LIMITED,347600,843.84
2026-06-16,RIIL,NSE,bulk,SELL,INFINITY DATA TECHNOLOGIES PRIVATE LIMITED,279464,837.85
2026-06-16,RIIL,NSE,bulk,SELL,QE SECURITIES LLP,80309,844.05
2026-06-16,RPTECH,NSE,bulk,BUY,L7 SECURITIES PRIVATE LIMITED,13000,649.76
2026-06-16,RPTECH,NSE,bulk,BUY,NK SECURITIES RESEARCH PRIVATE LIMITED,332935,635.63
2026-06-16,RPTECH,NSE,bulk,BUY,QE SECURITIES LLP,533648,639.06
2026-06-16,RPTECH,NSE,bulk,BUY,JUNOMONETA FINSOL PRIVATE LIMITED,343389,641.05
2026-06-16,RPTECH,NSE,bulk,SELL,QE SECURITIES LLP,554884,652.59
2026-06-16,RPTECH,NSE,bulk,SELL,JUNOMONETA FINSOL PRIVATE LIMITED,370681,640.78
2026-06-16,RPTECH,NSE,bulk,SELL,L7 SECURITIES PRIVATE LIMITED,367328,605.9
2026-06-16,RPTECH,NSE,bulk,SELL,NK SECURITIES RESEARCH PRIVATE LIMITED,332935,635.83
2026-06-16,RTL,NSE,bulk,BUY,PACEMAN SALES PROMOTION P LTD,84000,86.5
2026-06-16,SANGANI,NSE,bulk,BUY,BHUPENDRA D PATEL HUF,78000,45.48
2026-06-16,SAWACA,BSE,bulk,SELL,THULASIBABU KARJALA RAJASEKHAR,4081792.0,0.3
2026-06-16,SAYAJIHOTL,BSE,bulk,SELL,SANYA  DHANANI,594100.0,302.5
2026-06-16,SAYAJIHOTL,BSE,bulk,BUY,AZHAR YUSUF DHANANI,622165.0,302.5
2026-06-16,SHAH,NSE,bulk,BUY,DHANJIT REAL TRADE LLP,7246129,4.76
2026-06-16,SHAH,NSE,bulk,SELL,DHANJIT REAL TRADE LLP,7287226,4.76
2026-06-16,SHAH-RE1,NSE,bulk,SELL,RAJNIKANT SOMNATHBHAI MISTRY,593736,0.05
2026-06-16,SHAKTIPR,BSE,bulk,BUY,AMIT DHIRAJLAL MEHTA,400000.0,18.75
2026-06-16,SHAKTIPR,BSE,bulk,SELL,MANSI SHARE AND STOCK BROKING PRIVATE LIMITED,300000.0,18.75
2026-06-16,SHAKTIPR,BSE,bulk,SELL,SETU SECURITIES PVT LTD,500000.0,18.75
2026-06-16,SHAKTIPR,BSE,bulk,SELL,F3 ADVISORS PRIVATE LIMITED,706135.0,18.75
2026-06-16,SHAKTIPR,BSE,bulk,BUY,F3 ADVISORS PRIVATE LIMITED,10.0,20.71
2026-06-16,SHAKTIPR,BSE,bulk,SELL,NILAMBEN KEVALKUMAR SANGHAVI,200000.0,20.7
2026-06-16,SHAKTIPR,BSE,bulk,BUY,MADANLAL BASITMAL SONI,200000.0,18.75
2026-06-16,SHAKTIPR,BSE,bulk,BUY,JITEN YOGESH JOSHI,213000.0,18.75
2026-06-16,SHAKTIPR,BSE,bulk,BUY,DISHANG PARESH JOSHI,213000.0,18.75
2026-06-16,SHAKTIPR,BSE,bulk,BUY,ZALAK PARESH JOSHI,213000.0,18.75
2026-06-16,SHAKTIPR,BSE,bulk,BUY,PRINCE AMITBHAI MEHTA,400000.0,18.75
2026-06-16,SHAKTIPR,BSE,bulk,BUY,SACHIN GOVINDLAL MODI,350000.0,18.75
2026-06-16,SHAKTIPR,BSE,bulk,BUY,RATHOD MANOJ CHHAGANLAL HUF,150000.0,18.75
2026-06-16,SHAKTIPR,BSE,bulk,SELL,RATHOD MANOJ CHHAGANLAL HUF,42041.0,20.71
2026-06-16,SHAKTIPR,BSE,bulk,SELL,VICKY RAJESH JHAVERI,2028993.0,18.75
2026-06-16,SHAKTIPR,BSE,bulk,SELL,HARSHA RAJESHBHAI JHAVERI,1250000.0,18.75
2026-06-16,SHAKTIPR,BSE,bulk,BUY,SANDEEP MOTILAL SHAH,436000.0,19.81
2026-06-16,SHAKTIPR,BSE,bulk,SELL,MULTIPLIER SHARE & STOCK ADVISORS PRIVATE LIMITED,500000.0,18.98
2026-06-16,SHAKTIPR,BSE,bulk,SELL,ASHUTOSH DHIRENDRAKUMAR MANIAR,1300000.0,20.56
2026-06-16,SHAKTIPR,BSE,bulk,BUY,SHAH NILESHBHAI SURESHBHAI,150000.0,18.75
2026-06-16,SHAKTIPR,BSE,bulk,BUY,NEO APEX SHARE BROKING SERVICES LLP,1160845.0,18.75
2026-06-16,SHAYONAENG,BSE,bulk,BUY,KIFS  ENTERPRISE,20000.0,139.83
2026-06-16,SINTERCOM,NSE,bulk,BUY,BELLWETHER CAPITAL PRIVATE LIMITED,162449,74.87
2026-06-16,SINTERCOM,NSE,bulk,SELL,SUNITA AGGARWAL,375146,74.78
2026-06-16,SONATSOFTW,NSE,bulk,BUY,POLUNIN EMERGING MARKETS SMALL CAP FUND LLC,1921834,295.12
2026-06-16,SONATSOFTW,NSE,bulk,BUY,MICROCURVES TRADING PRIVATE LIMITED,1446428,300.03
2026-06-16,SONATSOFTW,NSE,bulk,SELL,MICROCURVES TRADING PRIVATE LIMITED,1447550,300.32
2026-06-16,TIPCO,BSE,bulk,BUY,SETU SECURITIES PRIVATE LIMITED,300800.0,168.7
2026-06-16,TIPCO,BSE,bulk,BUY,MANSI SHARE AND STOCK BROKING PRIVATE LIMITED,3200.0,165.1
2026-06-16,TIPCO,BSE,bulk,SELL,MANSI SHARE AND STOCK BROKING PRIVATE LIMITED,302400.0,168.7
2026-06-16,UCIL,BSE,bulk,BUY,VIKAS GOYAL,240967.0,98.56
2026-06-16,UCIL,BSE,bulk,SELL,KIRAN MITTAL,225000.0,98.66
2026-06-16,UNIVASTU,NSE,bulk,BUY,KRISHNA AWTAR JAGANNATH KABRA HUF,541535,90.23
2026-06-16,UNIVASTU,NSE,bulk,SELL,KRISHNA AWTAR JAGANNATH KABRA HUF,541535,89.95
2026-06-16,ZENIFIB,BSE,bulk,SELL,ALPHA STITCH ART PVT LTD,103500.0,51.86
2026-06-16,ZENIFIB,BSE,bulk,BUY,PINKY SANJEEV RUNGTA,103500.0,51.86
2026-06-16,ZUARI,NSE,bulk,BUY,NK SECURITIES RESEARCH PRIVATE LIMITED,271611,244.58
2026-06-16,ZUARI,NSE,bulk,BUY,QE SECURITIES LLP,237399,239.67
2026-06-16,ZUARI,NSE,bulk,SELL,QE SECURITIES LLP,234260,244.42
2026-06-16,ZUARI,NSE,bulk,SELL,NK SECURITIES RESEARCH PRIVATE LIMITED,271611,244.69
2026-06-17,7NR,BSE,bulk,SELL,UMANG VIJAYKUMAR TRIVEDI,730230.0,5.72
2026-06-17,A1L,BSE,bulk,SELL,EKLINGJI BROKING LLP,3989040.0,9.82
2026-06-17,ADISHAKTI,BSE,bulk,BUY,DEVENDRA BANKATLAL RATHI,200000.0,14.26
2026-06-17,ADISHAKTI,BSE,bulk,BUY,ARORA FIBRES LIMITED,300000.0,13.93
2026-06-17,ADISHAKTI,BSE,bulk,SELL,PAWAN KUMAR MITTAL,480000.0,14.2
2026-06-17,ADISHAKTI,BSE,bulk,SELL,PINE VIEW PORTFOLIO CONSULTANTS PRIVATE LIMITED,100000.0,14.3
2026-06-17,ADISHAKTI,BSE,bulk,BUY,RADHAKRISHNAN  BHAVANI,70000.0,14.29
2026-06-17,AGIIL,NSE,bulk,BUY,ARIHANT CAPITAL MARKETS LIMITED,674390,370.09
2026-06-17,AGIIL,NSE,bulk,SELL,ARIHANT CAPITAL MARKETS LIMITED,658671,370.19
2026-06-17,ASHNI,BSE,bulk,SELL,ADITYA ENTERPRISE,2500000.0,3.05
2026-06-17,ATALREAL,NSE,bulk,BUY,ACME CAPITAL MARKET LIMITED,869188,31.37
2026-06-17,ATALREAL,NSE,bulk,BUY,ALTIZEN VENTURES LLP,1716303,31.29
2026-06-17,ATALREAL,NSE,bulk,SELL,ALTIZEN VENTURES LLP,1677650,31.45
2026-06-17,ATALREAL,NSE,bulk,SELL,CULLINAN OPPRTS FUND VCC-CULLINAN OPPORTUNITIES INCORPORATED VCC SUB FUND 1,665052,31.32
2026-06-17,ATALREAL,NSE,bulk,SELL,ACME CAPITAL MARKET LIMITED,909188,31.34
2026-06-17,BANG,NSE,bulk,SELL,NISHANT PITTI,199912,29.26
2026-06-17,BLUSPRING,NSE,bulk,BUY,JUNOMONETA FINSOL PRIVATE LIMITED,750173,103.49
2026-06-17,BLUSPRING,NSE,bulk,SELL,JUNOMONETA FINSOL PRIVATE LIMITED,752322,103.65
2026-06-17,BORANA,NSE,bulk,SELL,AFFLUENCE FINCON SERVICE PRIVATE LIMITED,148215,324.37
2026-06-17,BOSTON,BSE,bulk,SELL,DIVYA KANDA,69037.0,5.43
2026-06-17,BRIJLEAS,BSE,bulk,SELL,ANSHSINGH RAGHUVIRSIGH MAKHIJA,35000.0,9.5
2026-06-17,CARTRADE,NSE,bulk,BUY,JUNOMONETA FINSOL PRIVATE LIMITED,238902,2640.61
2026-06-17,CARTRADE,NSE,bulk,BUY,QE SECURITIES LLP,241682,2637.11
2026-06-17,CARTRADE,NSE,bulk,BUY,HRTI PRIVATE LIMITED,308464,2644.1
2026-06-17,CARTRADE,NSE,bulk,SELL,JUNOMONETA FINSOL PRIVATE LIMITED,258633,2641.45
2026-06-17,CARTRADE,NSE,bulk,SELL,HRTI PRIVATE LIMITED,309674,2652.65
2026-06-17,CARTRADE,NSE,bulk,SELL,QE SECURITIES LLP,238093,2651.81
2026-06-17,CORONA,NSE,bulk,BUY,HDFC MUTUAL FUND,2333333,1730
2026-06-17,CORONA,NSE,bulk,BUY,ABERDEEN ASIAN SMALLER COMPANIES INVESTMENT TRUST PLC,450868,1730
2026-06-17,CORONA,NSE,bulk,BUY,ADITYA BIRLA SUN LIFE MUTUAL FUND,462035,1730
2026-06-17,CORONA,NSE,bulk,SELL,SEPIA INVESTMENTS LIMITED,4328943,1730
2026-06-17,CORONA,NSE,block,BUY,ABERDEEN ASIAN SMALLER COMPANIES INVESTMENT TRUST PLC,450868,1730
2026-06-17,CORONA,NSE,block,BUY,ABERDEEN STANDARD SICAV I - ASIAN SMALLER COMPANIES FUND,274132,1730
2026-06-17,CORONA,NSE,block,BUY,ABU DHABI INVESTMENT AUTHORITY - WAY,39130,1730
2026-06-17,CORONA,NSE,block,BUY,ADITYA BIRLA SUN LIFE MUTUAL FUND,490000,1730
2026-06-17,CORONA,NSE,block,BUY,FACTORY MUTUAL INSURANCE COMPANY,10670,1730
2026-06-17,CORONA,NSE,block,BUY,TCW WHITE OAK EMERGING MARKETS EQUITY FUND,1920,1730
2026-06-17,CORONA,NSE,block,BUY,ASHOKA WHITEOAK EMERGING MARKETS EQUITY EX CHINA FUND,29520,1730
2026-06-17,CORONA,NSE,block,BUY,WHITEOAK CAPITAL MUTUAL FUND,145000,1730
2026-06-17,CORONA,NSE,block,BUY,HDFC MUTUAL FUND,2450000,1730
2026-06-17,CORONA,NSE,block,BUY,INDIA ACORN ICAV - ASHOKA WHITEOAK EMERGING MARKETS EQUITY FUND,148686,1730
2026-06-17,CORONA,NSE,block,BUY,INVESCO MUTUAL FUND,289017,1730
2026-06-17,CORONA,NSE,block,BUY,KOTAK MAHINDRA MUTUAL FUND,161861,1730
2026-06-17,CORONA,NSE,block,SELL,SEPIA INVESTMENTS LIMITED,4328943,1730
2026-06-17,CORONA,NSE,block,SELL,ANCHOR PARTNERS,161861,1730
2026-06-17,CRANESSOFT,BSE,bulk,BUY,ARORA TIMBER INTERNATIONAL PRIVATE LIMITED,2545000.0,3.66
2026-06-17,CRANESSOFT,BSE,bulk,SELL,TECHUNI VENTURES PRIVATE LIMITED,2500769.0,3.66
2026-06-17,DOMS,NSE,bulk,BUY,AXIS MUTUAL FUND,361637,2200
2026-06-17,DOMS,NSE,bulk,BUY,SBI MUTUAL FUND,583000,2200
2026-06-17,DOMS,NSE,bulk,BUY,SBI MUTUAL FUND,349800,2200
2026-06-17,DOMS,NSE,bulk,SELL,FILA - FABBRICA ITALIANA LAPIS ED AFFINI SPA,2340184,2200.55
2026-06-17,DOMS,NSE,bulk,SELL,FILA - FABBRICA ITALIANA LAPIS ED AFFINI SPA,1908000,2200.07
2026-06-17,DURLAX,NSE,bulk,SELL,RG  HUF,200000,47.53
2026-06-17,EENTER,BSE,bulk,BUY,KANTA  AGARWALA,15000.0,22.22
2026-06-17,EENTER,BSE,bulk,SELL,AKSHAT  JAIN,4999.0,22.22
2026-06-17,EENTER,BSE,bulk,SELL,NIHARIKA  JAIN,10001.0,22.22
2026-06-17,FALCONTECH,NSE,bulk,BUY,SHRISHTI AGRAWAL,12000,12.49
2026-06-17,FALCONTECH,NSE,bulk,SELL,SHRISHTI AGRAWAL,78000,12.45
2026-06-17,FILME,BSE,bulk,BUY,NISHANT INBUILD LIMITED,245000.0,2.07
2026-06-17,FILME,BSE,bulk,BUY,VISAGAR FINANCIAL SERVICES LIMITED,110.0,1.93
2026-06-17,FILME,BSE,bulk,SELL,VISAGAR FINANCIAL SERVICES LIMITED,225110.0,2.07
2026-06-17,FILME,BSE,bulk,BUY,VASM CONSULTANTS PRIVATE LIMITED,209904.0,2.07
2026-06-17,FILME,BSE,bulk,SELL,GRID TRADING PRIVATE LIMITED,227085.0,2.07
2026-06-17,FINPIPE,NSE,bulk,SELL,HDFC LIFE INSURANCE CO. LTD.,4270000,169.71
2026-06-17,FINPIPE,BSE,bulk,SELL,HDFC LIFE INSURANCE COMPANY LIMITED,3777909.0,169.62
2026-06-17,FMEC,BSE,bulk,BUY,MSB E TRADE SECURITIES LIMITED,853.0,15.66
2026-06-17,FMEC,BSE,bulk,SELL,MSB E TRADE SECURITIES LIMITED,384904.0,15.57
2026-06-17,FMEC,BSE,bulk,BUY,MOHINDER PARSHAD AGGARWAL,840263.0,15.57
2026-06-17,FTL,BSE,bulk,BUY,MRITYUNJAY  CHAUDHARY,20000.0,20.34
2026-06-17,GALAGEX,BSE,bulk,SELL,SHREE TULSI INFRACON PRIVATE LIMITED,97436.0,63.5
2026-06-17,GALAGEX,BSE,bulk,BUY,PROGNOSIS SECURITIES PVT. LTD.,105000.0,63.41
2026-06-17,GANONPRO,BSE,bulk,BUY,DARSHAN KIRAN WALKE,77048.0,14.49
2026-06-17,GANONPRO,BSE,bulk,SELL,RAJENDRA NAMDEO SONAWANE,75300.0,14.49
2026-06-17,GCSL,NSE,bulk,BUY,MANSUKH STOCK  BROKERS LIMITED,125000,428
2026-06-17,GCSL,NSE,bulk,BUY,MANSUKH SECURITIES & FINANCE LIMITED,156690,428.27
2026-06-17,GCSL,NSE,bulk,BUY,NEO APEX VENTURE LLP,121867,428.07
2026-06-17,GCSL,NSE,bulk,SELL,NEO APEX VENTURE LLP,109201,428.64
2026-06-17,GCSL,NSE,bulk,SELL,MOHAMED IRFAN MOHAMED LATIF SHAIKH,785000,428.03
2026-06-17,GCSL,NSE,bulk,SELL,MANSUKH SECURITIES & FINANCE LIMITED,19870,430.99
2026-06-17,GLPL,BSE,bulk,SELL,AVIRAT ENTERPRISE,51000.0,42.92
2026-06-17,GSMFOILS,NSE,bulk,BUY,IMRAN KHAN,225500,216.66
2026-06-17,GSMFOILS,NSE,bulk,SELL,NEIGHBOURHOOD INVESTMENT PRIVATE LIMITED,159500,217.38
2026-06-17,IEML,NSE,bulk,BUY,NIRAJ UMESH JOSHI,214500,52.5
2026-06-17,IEML,NSE,bulk,SELL,LC VENTURE DEBT FUND,200000,52.5
2026-06-17,IEML,NSE,bulk,SELL,NIRAJ UMESH JOSHI,69500,47.8
2026-06-17,IFCI,NSE,bulk,BUY,HRTI PRIVATE LIMITED,13584488,91.73
2026-06-17,IFCI,NSE,bulk,SELL,HRTI PRIVATE LIMITED,14089769,91.76
2026-06-17,IGARASHI,NSE,bulk,BUY,QE SECURITIES LLP,268667,432.82
2026-06-17,IGARASHI,NSE,bulk,BUY,NK SECURITIES RESEARCH PRIVATE LIMITED,409152,430.84
2026-06-17,IGARASHI,NSE,bulk,BUY,JUNOMONETA FINSOL PRIVATE LIMITED,201690,431.48
2026-06-17,IGARASHI,NSE,bulk,BUY,MICROCURVES TRADING PRIVATE LIMITED,326847,432.32
2026-06-17,IGARASHI,NSE,bulk,BUY,GRT STRATEGIC VENTURES LLP,228184,431.95
2026-06-17,IGARASHI,NSE,bulk,SELL,NK SECURITIES RESEARCH PRIVATE LIMITED,409152,431.01
2026-06-17,IGARASHI,NSE,bulk,SELL,GINNI FINANCEPVT.LTD.,227764,422.28
2026-06-17,IGARASHI,NSE,bulk,SELL,JUNOMONETA FINSOL PRIVATE LIMITED,200569,431.9
2026-06-17,IGARASHI,NSE,bulk,SELL,MICROCURVES TRADING PRIVATE LIMITED,326847,432.88
2026-06-17,IGARASHI,NSE,bulk,SELL,QE SECURITIES LLP,268985,423.6
2026-06-17,IGARASHI,NSE,bulk,SELL,GRT STRATEGIC VENTURES LLP,228184,432.19
2026-06-17,INLANPR,BSE,bulk,SELL,YASH  MAHESHWARI,34000.0,50.34
2026-06-17,ISERA,BSE,bulk,SELL,NEO APEX VENTURE LLP,55878.0,110.29
2026-06-17,ISERA,BSE,bulk,BUY,MULTIPLIER SHARE & STOCK ADVISORS PRIVATE LIMITED,56456.0,110.29
2026-06-17,KITEX,NSE,bulk,SELL,C K G SUPER MARKET LIMITED,1393926,155.2
2026-06-17,KLL,NSE,bulk,BUY,DEEPTI CHHAJER,121600,33.98
2026-06-17,KLL,NSE,bulk,SELL,NIRAJ DHANRAJ CHHAJER,121600,33.98
2026-06-17,LAMOSAIC,NSE,bulk,BUY,VISHAL MAHESH WAGHELA,156000,33.52
2026-06-17,LAMOSAIC,NSE,bulk,BUY,MAHESH MULCHAND WAGHELA,120000,33.5
2026-06-17,LAMOSAIC,NSE,bulk,BUY,VISHAL MAHESH WAGHELA,66000,33.05
2026-06-17,LAMOSAIC,NSE,bulk,BUY,ONVO AQUARRIUS PRIVATE LIMITED,54600,33.98
2026-06-17,LAMOSAIC,NSE,bulk,SELL,VISHAL MAHESH WAGHELA,48000,33.54
2026-06-17,LAMOSAIC,NSE,bulk,SELL,KUBER EQUITY SERVICES LLP,57000,33.5
2026-06-17,LAMOSAIC,NSE,bulk,SELL,VIKAS RAMESH MEHTA,108000,33.5
2026-06-17,MAFIA,BSE,bulk,SELL,DIPTIBEN MUKESHBHAI PATEL,24000.0,6.06
2026-06-17,MARBLE,BSE,bulk,SELL,SVK TRADING PRIVATE LIMITED,148748.0,96.44
2026-06-17,MARKOLINES,NSE,bulk,BUY,VISTAAR TRADING SERVICE PRIVATE LIMITED,61969,168.79
2026-06-17,MARKOLINES,NSE,bulk,BUY,L7 HITECH PRIVATE LIMITED,144000,165.16
2026-06-17,MARKOLINES,NSE,bulk,SELL,VISTAAR TRADING SERVICE PRIVATE LIMITED,144115,165.97
2026-06-17,MIDEASTP,BSE,bulk,SELL,JYOTI K SHAH,100000.0,32.8
2026-06-17,MOTISONS,NSE,bulk,BUY,L7 HITECH PRIVATE LIMITED,5800000,14.15
2026-06-17,MOTISONS,NSE,bulk,SELL,MINT FOCUSED GROWTH FUND PCC- CELL 1,9000000,14.1
2026-06-17,MPEL,NSE,bulk,BUY,MIDAS FLEXIPACKS PVT LTD,48000,42.47
2026-06-17,MPEL,NSE,bulk,SELL,BAAHUBALI ENTERPRISE,48000,42.5
2026-06-17,MSTCLTD,NSE,bulk,BUY,HRTI PRIVATE LIMITED,374972,694.71
2026-06-17,MSTCLTD,NSE,bulk,SELL,HRTI PRIVATE LIMITED,399803,697.1
2026-06-17,MTARTECH,NSE,bulk,BUY,JUMP TRADING FINANCIAL INDIA PRIVATE LIMITED,156425,8084.34
2026-06-17,MTARTECH,NSE,bulk,BUY,HRTI PRIVATE LIMITED,231111,8151.56
2026-06-17,MTARTECH,NSE,bulk,BUY,JUNOMONETA FINSOL PRIVATE LIMITED,155470,8120.75
2026-06-17,MTARTECH,NSE,bulk,BUY,MICROCURVES TRADING PRIVATE LIMITED,163800,8161.53
2026-06-17,MTARTECH,NSE,bulk,SELL,HRTI PRIVATE LIMITED,231288,8151.61
2026-06-17,MTARTECH,NSE,bulk,SELL,JUMP TRADING FINANCIAL INDIA PRIVATE LIMITED,156425,8108.51
2026-06-17,MTARTECH,NSE,bulk,SELL,JUNOMONETA FINSOL PRIVATE LIMITED,157469,8127.16
2026-06-17,MTARTECH,NSE,bulk,SELL,MICROCURVES TRADING PRIVATE LIMITED,163800,8166.28
2026-06-17,NACDAC,BSE,bulk,SELL,SATYAVIBHUMUPPANA,76000.0,25.17
2026-06-17,OLATECH,BSE,bulk,SELL,PUSHPA A MADRECHA,32375.0,85.31
2026-06-17,ORIENTTR,BSE,bulk,SELL,VEENA KANTILAL CHAWALLA,89351.0,4.78
2026-06-17,ORIENTTR,BSE,bulk,BUY,VEENA KANTILAL CHAWALLA,302205.0,4.47
2026-06-17,ORIENTTR,BSE,bulk,BUY,RAHUL  MISHRA,300000.0,4.34
2026-06-17,ORIENTTR,BSE,bulk,SELL,SUMEET PAL SINGH,400000.0,4.34
2026-06-17,PARAS,NSE,bulk,BUY,HRTI PRIVATE LIMITED,611120,1205.45
2026-06-17,PARAS,NSE,bulk,BUY,JUMP TRADING FINANCIAL INDIA PRIVATE LIMITED,405502,1227.45
2026-06-17,PARAS,NSE,bulk,BUY,JUNOMONETA FINSOL PRIVATE LIMITED,728897,1222.76
2026-06-17,PARAS,NSE,bulk,SELL,JUMP TRADING FINANCIAL INDIA PRIVATE LIMITED,405502,1219.28
2026-06-17,PARAS,NSE,bulk,SELL,HRTI PRIVATE LIMITED,565442,1211.16
2026-06-17,PARAS,NSE,bulk,SELL,JUNOMONETA FINSOL PRIVATE LIMITED,727752,1223.12
2026-06-17,PARLEIND,BSE,bulk,SELL,EPITOME TRADING AND INVESTMENTS,449850.0,12.25
2026-06-17,PVVINFRA,BSE,bulk,BUY,KTR CONSTRUCTIONS LLP,648214.0,3.8
2026-06-17,RAMASTEEL,NSE,bulk,SELL,PINE OAK GLOBAL FUND,10000000,5
2026-06-17,RATNAVEER,NSE,bulk,BUY,JUNOMONETA FINSOL PRIVATE LIMITED,497144,178.14
2026-06-17,RATNAVEER,NSE,bulk,BUY,HRTI PRIVATE LIMITED,367761,177.89
2026-06-17,RATNAVEER,NSE,bulk,BUY,MATHISYS QUANTCAP LLP,362002,177.44
2026-06-17,RATNAVEER,NSE,bulk,BUY,ARIHANT CAPITAL MARKETS LIMITED,2182057,175.66
2026-06-17,RATNAVEER,NSE,bulk,BUY,NK SECURITIES RESEARCH PRIVATE LIMITED,435215,180.11
2026-06-17,RATNAVEER,NSE,bulk,BUY,TRADE DELTA LLP,1220000,180.83
2026-06-17,RATNAVEER,NSE,bulk,BUY,QE SECURITIES LLP,322310,178.11
2026-06-17,RATNAVEER,NSE,bulk,SELL,QE SECURITIES LLP,363312,177.14
2026-06-17,RATNAVEER,NSE,bulk,SELL,MATHISYS QUANTCAP LLP,363140,176.75
2026-06-17,RATNAVEER,NSE,bulk,SELL,ARIHANT CAPITAL MARKETS LIMITED,2165306,179.01
2026-06-17,RATNAVEER,NSE,bulk,SELL,JUNOMONETA FINSOL PRIVATE LIMITED,469260,178.48
2026-06-17,RATNAVEER,NSE,bulk,SELL,NK SECURITIES RESEARCH PRIVATE LIMITED,435215,180.24
2026-06-17,RATNAVEER,NSE,bulk,SELL,HRTI PRIVATE LIMITED,341496,176.99
2026-06-17,REPONO,BSE,bulk,SELL,CHANAKYA OPPORTUNITIES FUND I,150000.0,72.13
2026-06-17,RPTECH,NSE,bulk,BUY,MICROCURVES TRADING PRIVATE LIMITED,380376,701.4
2026-06-17,RPTECH,NSE,bulk,BUY,NK SECURITIES RESEARCH PRIVATE LIMITED,777430,704.93
2026-06-17,RPTECH,NSE,bulk,BUY,QE SECURITIES LLP,719927,700.22
2026-06-17,RPTECH,NSE,bulk,BUY,JUNOMONETA FINSOL PRIVATE LIMITED,750216,699.98
2026-06-17,RPTECH,NSE,bulk,SELL,MICROCURVES TRADING PRIVATE LIMITED,380467,701.38
2026-06-17,RPTECH,NSE,bulk,SELL,JUNOMONETA FINSOL PRIVATE LIMITED,757555,700.31
2026-06-17,RPTECH,NSE,bulk,SELL,QE SECURITIES LLP,732052,698.9
2026-06-17,RPTECH,NSE,bulk,SELL,NK SECURITIES RESEARCH PRIVATE LIMITED,777430,705.29
2026-06-17,SBC,NSE,bulk,BUY,DEEPIKA GUPTA,2950000,37.58
2026-06-17,SBC,NSE,bulk,BUY,RAJ  GUPTA,1249658,37.65
2026-06-17,SBC,NSE,bulk,BUY,NITN KAPOOR,2400000,37.5
2026-06-17,SBC,NSE,bulk,SELL,RAJ  GUPTA,2456735,37.55
2026-06-17,SHAKTIPR,BSE,bulk,SELL,RATHOD MANOJ CHHAGANLAL HUF,1107959.0,21.74
2026-06-17,SHAKTIPR,BSE,bulk,SELL,SACHIN GOVINDLAL MODI,350000.0,21.74
2026-06-17,SHAKTIPR,BSE,bulk,BUY,HARSHA RAJESHBHAI JHAVERI,300000.0,21.69
2026-06-17,SHAKTIPR,BSE,bulk,BUY,RATHOD MANOJ CHHAGANLAL HUF,18447.0,21.5
2026-06-17,SHAKTIPR,BSE,bulk,BUY,SACHIN GOVINDLAL MODI,102284.0,21.7
2026-06-17,SHAKTIPR,BSE,bulk,SELL,NEO APEX SHARE BROKING SERVICES LLP,160845.0,21.73
2026-06-17,SHANTIGOLD,NSE,bulk,BUY,ARIHANT CAPITAL MARKETS LIMITED,384088,227.75
2026-06-17,SHANTIGOLD,NSE,bulk,SELL,ARIHANT CAPITAL MARKETS LIMITED,384088,227.76
2026-06-17,SSFLPP,NSE,bulk,SELL,NUVAMA CROSSOVER OPPORTUNITIES FUND - SERIES III,87751,120
2026-06-17,STYLEBAAZA,NSE,bulk,SELL,GARG BROTHERS PRIVATE LIMITED,875000,328.72
2026-06-17,SUPHA,BSE,bulk,SELL,PRAKASH ANAND GUPTA,6510419.0,0.27
2026-06-17,SUPREME,NSE,bulk,BUY,HI KLASS TRADING & INVESTMENT LIMITED,201053,46.92
2026-06-17,SUPREME,NSE,bulk,SELL,HI KLASS TRADING & INVESTMENT LIMITED,202853,48.35
2026-06-17,TARSONS,NSE,bulk,BUY,JUMP TRADING FINANCIAL INDIA PRIVATE LIMITED,496382,270.56
2026-06-17,TARSONS,NSE,bulk,BUY,QE SECURITIES LLP,803035,271.42
2026-06-17,TARSONS,NSE,bulk,BUY,IRAGE BROKING SERVICES LLP,387345,269.23
2026-06-17,TARSONS,NSE,bulk,BUY,BLITZQUANT RESEARCH LLP,637510,270.1
2026-06-17,TARSONS,NSE,bulk,BUY,MUSIGMA SECURITIES,567184,271.41
2026-06-17,TARSONS,NSE,bulk,BUY,ELIXIR WEALTH MANAGEMENT PRIVATE LIMITED,282982,272.39
2026-06-17,TARSONS,NSE,bulk,BUY,NK SECURITIES RESEARCH PRIVATE LIMITED,1007276,271.09
2026-06-17,TARSONS,NSE,bulk,BUY,MICROCURVES TRADING PRIVATE LIMITED,411316,270.07
2026-06-17,TARSONS,NSE,bulk,BUY,JUNOMONETA FINSOL PRIVATE LIMITED,759210,271.22
2026-06-17,TARSONS,NSE,bulk,SELL,QE SECURITIES LLP,804740,269.64
2026-06-17,TARSONS,NSE,bulk,SELL,JUNOMONETA FINSOL PRIVATE LIMITED,766580,271.38
2026-06-17,TARSONS,NSE,bulk,SELL,IRAGE BROKING SERVICES LLP,338146,270.82
2026-06-17,TARSONS,NSE,bulk,SELL,NK SECURITIES RESEARCH PRIVATE LIMITED,1007276,271.24
2026-06-17,TARSONS,NSE,bulk,SELL,ELIXIR WEALTH MANAGEMENT PRIVATE LIMITED,269383,273.17
2026-06-17,TARSONS,NSE,bulk,SELL,MUSIGMA SECURITIES,567184,271.5
2026-06-17,TARSONS,NSE,bulk,SELL,MICROCURVES TRADING PRIVATE LIMITED,411316,270
2026-06-17,TARSONS,NSE,bulk,SELL,JUMP TRADING FINANCIAL INDIA PRIVATE LIMITED,496382,270.53
2026-06-17,TARSONS,NSE,bulk,SELL,BLITZQUANT RESEARCH LLP,637510,270.23
2026-06-17,TIMESGREEN,BSE,bulk,SELL,EMRALD COMMERCIAL LIMITED,40000.0,52.0
2026-06-17,TIMESGREEN,BSE,bulk,BUY,MAANAV  SINGHI,36000.0,52.0
2026-06-17,TIPCO,BSE,bulk,BUY,EXCELLENT SHARES AND FINANCE SERVICES PRIVATE LIMITED,110400.0,161.0
2026-06-17,TIPCO,BSE,bulk,BUY,MANSI SHARE AND STOCK BROKING PRIVATE LIMITED,214400.0,165.34
2026-06-17,TIRUPATIIN,BSE,bulk,BUY,L7 HITECH PRIVATE LIMITED,61118.0,10.59
2026-06-17,TIRUPATIIN,BSE,bulk,SELL,L7 HITECH PRIVATE LIMITED,218903.0,10.6
2026-06-17,UCIL,BSE,bulk,SELL,KIRAN MITTAL,225000.0,103.59
2026-06-17,UCIL,BSE,bulk,BUY,VIKAS GOYAL,233542.0,103.59
2026-06-17,UMAEXPORTS,NSE,bulk,SELL,SUMITRA DEVI  KHEMUKA,179483,24.08
2026-06-17,UTKAL,NSE,bulk,BUY,DINESHKUMAR PRITHVIRAJ DHOKA,106000,66
2026-06-17,UTKAL,NSE,bulk,BUY,NITESH BHIMRAJ JAIN,120000,66
2026-06-17,VALUE360,NSE,bulk,BUY,ALACRITY SECURITIES LTD,163200,87.85
2026-06-17,VALUE360,NSE,bulk,SELL,AIKYAM CAPITAL PRIVATE LIMITED,199200,87.72
2026-06-17,VALUE360,NSE,bulk,SELL,ALACRITY SECURITIES LTD,34800,87.93
2026-06-17,VEERHEALTH,BSE,bulk,BUY,ALPA SUNIL CHHEDA,200000.0,27.79
2026-06-17,VEERHEALTH,BSE,bulk,SELL,VIKRAMKUMAR KARANRAJ SAKARIA HUF,240204.0,27.8
2026-06-17,VEERHEALTH,BSE,bulk,BUY,VIKRAMKUMAR KARANRAJ SAKARIA HUF,29972.0,27.34
2026-06-17,VIRGOGLOB,BSE,bulk,BUY,MANJU KAUSHIK BHUPTA,68000.0,7.04
2026-06-17,VIRGOGLOB,BSE,bulk,BUY,ARORA FIBRES LIMITED,495200.0,7.04
2026-06-17,VIRGOGLOB,BSE,bulk,BUY,DALJEET SINGH,135000.0,6.95
2026-06-17,VIRGOGLOB,BSE,bulk,BUY,LAVI AGGARWAL,65000.0,7.01
2026-06-17,VIRGOGLOB,BSE,bulk,SELL,SHRI NAKODA LOGISTICS PRIVATE LIMITED,1115797.0,7.03
2026-06-18,ANTHEM,NSE,block,BUY,360 ONE MUTUAL FUND,335661,744.8
2026-06-18,ANTHEM,NSE,block,BUY,KOTAK MAHINDRA LIFE INSURANCE COMPANY LIMITED,107460,744.8
2026-06-18,ANTHEM,NSE,block,BUY,BAJAJ LIFE INSURANCE LIMITED,1208379,744.8
2026-06-18,ANTHEM,NSE,block,BUY,CANARA ROBECO MUTUAL FUND,537057,744.8
2026-06-18,ANTHEM,NSE,block,BUY,EDELWEISS MUTUAL FUND,335661,744.8
2026-06-18,ANTHEM,NSE,block,BUY,GHISALLO MASTER FUND LP,335661,744.8
2026-06-18,ANTHEM,NSE,block,BUY,HDFC MUTUAL FUND,1342643,744.8
2026-06-18,ANTHEM,NSE,block,BUY,ICICI PRUDENTIAL LIFE INSURANCE COMPANY LIMITED,1208379,744.8
2026-06-18,ANTHEM,NSE,block,BUY,INTEGRATED CORE STRATEGIES ASIA PTE LTD,2000,744.8
2026-06-18,ANTHEM,NSE,block,BUY,INTEGRATED CORE STRATEGIES ASIA PTE LTD,8000,744.8
2026-06-18,ANTHEM,NSE,block,BUY,INTEGRATED CORE STRATEGIES ASIA PTE LTD,9000,744.8
2026-06-18,ANTHEM,NSE,block,BUY,INTEGRATED CORE STRATEGIES ASIA PTE LTD,10000,744.8
2026-06-18,ANTHEM,NSE,block,BUY,INTEGRATED CORE STRATEGIES ASIA PTE LTD,16000,744.8
2026-06-18,ANTHEM,NSE,block,BUY,INTEGRATED CORE STRATEGIES ASIA PTE LTD,23000,744.8
2026-06-18,ANTHEM,NSE,block,BUY,INTEGRATED CORE STRATEGIES ASIA PTE LTD,54000,744.8
2026-06-18,ANTHEM,NSE,block,BUY,INTEGRATED CORE STRATEGIES ASIA PTE LTD,102264,744.8
2026-06-18,ANTHEM,NSE,block,BUY,INTEGRATED CORE STRATEGIES ASIA PTE LTD,111397,744.8
2026-06-18,ANTHEM,NSE,block,BUY,KOTAK MAHINDRA LIFE INSURANCE COMPANY LIMITED,109,744.8
2026-06-18,ANTHEM,NSE,block,BUY,KOTAK MAHINDRA LIFE INSURANCE COMPANY LIMITED,1572,744.8
2026-06-18,ANTHEM,NSE,block,BUY,KOTAK MAHINDRA LIFE INSURANCE COMPANY LIMITED,1777,744.8
2026-06-18,ANTHEM,NSE,block,BUY,KOTAK MAHINDRA LIFE INSURANCE COMPANY LIMITED,2274,744.8
2026-06-18,ANTHEM,NSE,block,BUY,KOTAK MAHINDRA LIFE INSURANCE COMPANY LIMITED,2356,744.8
2026-06-18,ANTHEM,NSE,block,BUY,KOTAK MAHINDRA LIFE INSURANCE COMPANY LIMITED,2757,744.8
2026-06-18,ANTHEM,NSE,block,BUY,KOTAK MAHINDRA LIFE INSURANCE COMPANY LIMITED,4117,744.8
2026-06-18,ANTHEM,NSE,block,BUY,KOTAK MAHINDRA LIFE INSURANCE COMPANY LIMITED,4777,744.8
2026-06-18,ANTHEM,NSE,block,BUY,KOTAK MAHINDRA LIFE INSURANCE COMPANY LIMITED,6092,744.8
2026-06-18,ANTHEM,NSE,block,BUY,KOTAK MAHINDRA LIFE INSURANCE COMPANY LIMITED,11058,744.8
2026-06-18,ANTHEM,NSE,block,BUY,KOTAK MAHINDRA LIFE INSURANCE COMPANY LIMITED,21654,744.8
2026-06-18,ANTHEM,NSE,block,BUY,KOTAK MAHINDRA LIFE INSURANCE COMPANY LIMITED,59187,744.8
2026-06-18,ANTHEM,NSE,block,BUY,KOTAK MAHINDRA LIFE INSURANCE COMPANY LIMITED,80134,744.8
2026-06-18,ANTHEM,NSE,block,BUY,WHITEOAK CAPITAL MUTUAL FUND,262661,744.8
2026-06-18,ANTHEM,NSE,block,BUY,KOTAK MAHINDRA LIFE INSURANCE COMPANY LIMITED,214923,744.8
2026-06-18,ANTHEM,NSE,block,BUY,KOTAK MAHINDRA LIFE INSURANCE COMPANY LIMITED,222420,744.8
2026-06-18,ANTHEM,NSE,block,BUY,KOTAK MAHINDRA LIFE INSURANCE COMPANY LIMITED,465712,744.8
2026-06-18,ANTHEM,NSE,block,BUY,KOTAK MAHINDRA MUTUAL FUND,1342643,744.8
2026-06-18,ANTHEM,NSE,block,BUY,MAHINDRA MANULIFE MUTUAL  FUND,76741,744.8
2026-06-18,ANTHEM,NSE,block,BUY,MAHINDRA MANULIFE MUTUAL FUND,76741,744.8
2026-06-18,ANTHEM,NSE,block,BUY,MAHINDRA MANULIFE MUTUAL FUND,191527,744.8
2026-06-18,ANTHEM,NSE,block,BUY,MAHINDRA MANULIFE MUTUAL FUND,230223,744.8
2026-06-18,ANTHEM,NSE,block,BUY,MAHINDRA MANULIFE MUTUAL FUND,767411,744.8
2026-06-18,ANTHEM,NSE,block,BUY,MANULIFE GLOBAL FUND INDIA EQUITY FUND,195802,744.8
2026-06-18,ANTHEM,NSE,block,BUY,MANULIFE PROVIDENT FUNDS UNIT TRUST SERIES - MANULIFE INDIA EQUITY FUND,14685,744.8
2026-06-18,ANTHEM,NSE,block,BUY,NORDEA 1 SICAV - INDIAN EQUITY FUND,685307,744.8
2026-06-18,ANTHEM,NSE,block,BUY,PI OPPORTUNITIES AIF V LLP,805586,744.8
2026-06-18,ANTHEM,NSE,block,BUY,PRUDENTIAL HONG KONG LIMITED,1020409,744.8
2026-06-18,ANTHEM,NSE,block,BUY,SBI MUTUAL FUND,6500,744.8
2026-06-18,ANTHEM,NSE,block,BUY,SBI MUTUAL FUND,24000,744.8
2026-06-18,ANTHEM,NSE,block,BUY,SBI MUTUAL FUND,240000,744.8
2026-06-18,ANTHEM,NSE,block,BUY,SBI MUTUAL FUND,299000,744.8
2026-06-18,ANTHEM,NSE,block,BUY,SBI MUTUAL FUND,305000,744.8
2026-06-18,ANTHEM,NSE,block,BUY,SBI MUTUAL FUND,742116,744.8
2026-06-18,ANTHEM,NSE,block,BUY,SBI MUTUAL FUND,1078000,744.8
2026-06-18,ANTHEM,NSE,block,BUY,SOCIAL PROTECTION FUND,44056,744.8
2026-06-18,ANTHEM,NSE,block,BUY,SOCIETE GENERALE,335661,744.8
2026-06-18,ANTHEM,NSE,block,BUY,UTI MUTUAL FUND,49728,744.8
2026-06-18,ANTHEM,NSE,block,BUY,UTI MUTUAL FUND,532377,744.8
2026-06-18,ANTHEM,NSE,block,BUY,UTI MUTUAL FUND,760538,744.8
2026-06-18,ANTHEM,NSE,block,BUY,WHITEOAK CAPITAL MUTUAL FUND,18635,744.8
2026-06-18,ANTHEM,NSE,block,BUY,WHITEOAK CAPITAL MUTUAL FUND,61318,744.8
2026-06-18,ANTHEM,NSE,block,BUY,WHITEOAK CAPITAL MUTUAL FUND,100458,744.8
2026-06-18,ANTHEM,NSE,block,SELL,ARUNA GANESH,17114604,744.8
2026-06-19,ALTIUSINVIT,BSE,block,BUY,NIPPON LIFE INDIA ASSET MANAGEMENT LIMITED,1525000.0,165.9
2026-06-19,ALTIUSINVIT,BSE,block,SELL,ASK FINANCIAL HOLDINGS PRIVATE LIMITED,1525000.0,165.9
2026-06-22,7NR,BSE,bulk,SELL,UMANG VIJAYKUMAR TRIVEDI,750000.0,5.7
2026-06-22,ABCOTS,NSE,bulk,SELL,LOTUS HOMETEXTILES LIMITED,198000,250.5
2026-06-22,ABCOTS,BSE,bulk,SELL,LOTUS HOMETEXTILES LIMITED,202000.0,250.5
2026-06-22,ACSTECH,NSE,bulk,SELL,NEXTA ENTERPRISES LLP,775000,39.98
2026-06-22,ACSTECH,BSE,bulk,SELL,NEXTA ENTERPRISES LLP,401954.0,40.13
2026-06-22,ADISHAKTI,BSE,bulk,BUY,ARORA FIBRES LIMITED,130000.0,14.37
2026-06-22,ADISHAKTI,BSE,bulk,BUY,RICHABEN BHAUMIKKUMAR MACHHI,70000.0,14.65
2026-06-22,ADISHAKTI,BSE,bulk,BUY,SAMEER SURENDRAPRAKASH SAINI,100000.0,14.04
2026-06-22,ADISHAKTI,BSE,bulk,SELL,PAWAN KUMAR MITTAL,200000.0,14.55
2026-06-22,ADISHAKTI,BSE,bulk,BUY,ANCHAL  BANSAL,90000.0,13.71
2026-06-22,ADISHAKTI,BSE,bulk,SELL,ANCHAL  BANSAL,80000.0,14.06
2026-06-22,ARMAN,BSE,bulk,SELL,OPPORTUNE EXIM PRIVATE LIMITED,80940.0,109.3
2026-06-22,ARMAN,BSE,bulk,BUY,ANAND KUMAR,26500.0,109.37
2026-06-22,ARMAN,BSE,bulk,BUY,VEDANTA BARUAH,41195.0,109.26
2026-06-22,ASIANTILES,NSE,bulk,BUY,CORE INC,2076320,56.13
2026-06-22,ASIANTILES,NSE,bulk,SELL,CORE INC,2076319,56.61
2026-06-22,ATALREAL,NSE,bulk,BUY,ALTIZEN VENTURES LLP,469237,30.43
2026-06-22,ATALREAL,NSE,bulk,SELL,ALTIZEN VENTURES LLP,747154,30.39
2026-06-22,BACPHAR,BSE,bulk,BUY,NIRAJ RAJNIKANT SHAH,306000.0,40.05
2026-06-22,BACPHAR,BSE,bulk,SELL,KIRANBHAI  TRIVEDI,16434.0,40.01
2026-06-22,BACPHAR,BSE,bulk,BUY,KIRANBHAI  TRIVEDI,148000.0,40.05
2026-06-22,BACPHAR,BSE,bulk,SELL,NIKITA HIREN PATEL,459052.0,40.11
2026-06-22,CGFL,BSE,bulk,SELL,LAXMI TRADING & INVESTMENTS,616417.0,29.5
2026-06-22,CGFL,BSE,bulk,BUY,SKYLINE RETAILER LLP,805000.0,29.5
2026-06-22,CHMBBRW,BSE,bulk,SELL,SUDHIR S MEHTA HUF,40000.0,22.47
2026-06-22,DENTA,NSE,bulk,BUY,QE SECURITIES LLP,145151,319.29
2026-06-22,DENTA,NSE,bulk,BUY,SILVERLEAF CAPITAL SERVICES PRIVATE LIMITED,170895,328.18
2026-06-22,DENTA,NSE,bulk,BUY,JUNOMONETA FINSOL PRIVATE LIMITED,310573,324.36
2026-06-22,DENTA,NSE,bulk,BUY,NK SECURITIES RESEARCH PRIVATE LIMITED,207102,323.85
2026-06-22,DENTA,NSE,bulk,BUY,MICROCURVES TRADING PRIVATE LIMITED,239626,328.5
2026-06-22,DENTA,NSE,bulk,BUY,ALPHAGREP SECURITIES PRIVATE LIMITED,159652,325.35
2026-06-22,DENTA,NSE,bulk,SELL,QE SECURITIES LLP,148118,320.79
2026-06-22,DENTA,NSE,bulk,SELL,JUNOMONETA FINSOL PRIVATE LIMITED,310764,324.83
2026-06-22,DENTA,NSE,bulk,SELL,MICROCURVES TRADING PRIVATE LIMITED,239626,328.91
2026-06-22,DENTA,NSE,bulk,SELL,NK SECURITIES RESEARCH PRIVATE LIMITED,207102,324.07
2026-06-22,DENTA,NSE,bulk,SELL,SILVERLEAF CAPITAL SERVICES PRIVATE LIMITED,170895,328.26
2026-06-22,DENTA,NSE,bulk,SELL,ALPHAGREP SECURITIES PRIVATE LIMITED,159652,325.73
2026-06-22,DRL,BSE,bulk,SELL,SATYANARAYAN JAGANNATH KABRA,200000.0,22.05
2026-06-22,DRL,BSE,bulk,SELL,SAROJ SATYANARAYAN KABRA,127166.0,22.05
2026-06-22,DRL,BSE,bulk,BUY,PANKAJ DHANJI CHHEDA HUF,50000.0,22.05
2026-06-22,DRL,BSE,bulk,BUY,JAYVANTI DHANJI CHHEDA,50000.0,22.05
2026-06-22,DRL,BSE,bulk,BUY,SACHIN KISHOR BAKHAI HUF,50000.0,22.05
2026-06-22,DRL,BSE,bulk,BUY,AMISH HITESH GANGAR,45000.0,22.05
2026-06-22,DRL,BSE,bulk,BUY,AVI PANKAJ CHHEDA,50000.0,22.05
2026-06-22,EIMCOELECO,NSE,bulk,BUY,NK SECURITIES RESEARCH PRIVATE LIMITED,33150,1787.07
2026-06-22,EIMCOELECO,NSE,bulk,SELL,NK SECURITIES RESEARCH PRIVATE LIMITED,33150,1788.17
2026-06-22,EMSLIMITED,NSE,bulk,BUY,JUNOMONETA FINSOL PRIVATE LIMITED,420712,399.2
2026-06-22,EMSLIMITED,NSE,bulk,BUY,QE SECURITIES LLP,346650,398.3
2026-06-22,EMSLIMITED,NSE,bulk,BUY,MICROCURVES TRADING PRIVATE LIMITED,385137,400.52
2026-06-22,EMSLIMITED,NSE,bulk,BUY,HRTI PRIVATE LIMITED,342517,399.26
2026-06-22,EMSLIMITED,NSE,bulk,SELL,JUNOMONETA FINSOL PRIVATE LIMITED,421824,399.51
2026-06-22,EMSLIMITED,NSE,bulk,SELL,MICROCURVES TRADING PRIVATE LIMITED,385137,400.72
2026-06-22,EMSLIMITED,NSE,bulk,SELL,HRTI PRIVATE LIMITED,341959,399.56
2026-06-22,EMSLIMITED,NSE,bulk,SELL,QE SECURITIES LLP,375933,397.44
2026-06-22,EPACK,NSE,bulk,BUY,HRTI PRIVATE LIMITED,528449,259.94
2026-06-22,EPACK,NSE,bulk,BUY,QE SECURITIES LLP,1346401,261.7
2026-06-22,EPACK,NSE,bulk,BUY,NK SECURITIES RESEARCH PRIVATE LIMITED,931039,260.93
2026-06-22,EPACK,NSE,bulk,BUY,JUNOMONETA FINSOL PRIVATE LIMITED,808345,259.8
2026-06-22,EPACK,NSE,bulk,BUY,DIPAN MEHTA COMMODITIES PRIVATE LIMITED,556364,262.6
2026-06-22,EPACK,NSE,bulk,BUY,MICROCURVES TRADING PRIVATE LIMITED,998395,261.75
2026-06-22,EPACK,NSE,bulk,SELL,QE SECURITIES LLP,1328316,259.46
2026-06-22,EPACK,NSE,bulk,SELL,NK SECURITIES RESEARCH PRIVATE LIMITED,931039,261.07
2026-06-22,EPACK,NSE,bulk,SELL,JUNOMONETA FINSOL PRIVATE LIMITED,809091,259.96
2026-06-22,EPACK,NSE,bulk,SELL,HRTI PRIVATE LIMITED,530914,259.14
2026-06-22,EPACK,NSE,bulk,SELL,MICROCURVES TRADING PRIVATE LIMITED,998395,261.94
2026-06-22,EPACK,NSE,bulk,SELL,DIPAN MEHTA COMMODITIES PRIVATE LIMITED,542364,263.72
2026-06-22,ESSENTIA,NSE,bulk,BUY,GI ENGINEERING SOLUTIONS LIMITED,16000000,1.42
2026-06-22,EXXARO,NSE,bulk,BUY,GIRIRAJ RATAN DAMANI,4000000,6.9
2026-06-22,EXXARO,NSE,bulk,BUY,L7 HITECH PRIVATE LIMITED,3400000,6.92
2026-06-22,EXXARO,NSE,bulk,BUY,BHAVISHYA ECOMMERCE PRIVATE LIMITED,3273804,6.9
2026-06-22,EXXARO,NSE,bulk,BUY,RAJ KUMAR PATNI,2900000,6.94
2026-06-22,EXXARO,NSE,bulk,SELL,DEEP DIAMOND INDIA LIMITED,11111108,6.92
2026-06-22,EXXARO,NSE,bulk,SELL,BHAVISHYA ECOMMERCE PRIVATE LIMITED,3279681,6.9
2026-06-22,FALCONTECH,NSE,bulk,BUY,NIKI ANKUR SHAH,30000,12.73
2026-06-22,FALCONTECH,NSE,bulk,SELL,ASHUTOSH TIWARI,27600,12.71
2026-06-22,GANONPRO,BSE,bulk,BUY,RAHUL RAJENDRA THOMBARE,67753.0,14.19
2026-06-22,GANONPRO,BSE,bulk,SELL,DARSHAN KIRAN WALKE,66901.0,14.19
2026-06-22,GCHOTELS,NSE,bulk,BUY,DEBASHISH NEOGI,252000,135.76
2026-06-22,GCHOTELS,NSE,bulk,SELL,VIVEK JAIN,141600,135.98
2026-06-22,GETALONG,BSE,bulk,BUY,WESTPAC INVESTMENTS LIMITED,320000.0,8.1
2026-06-22,GETALONG,BSE,bulk,SELL,YUGAL SHRENIK SOLANKI,320000.0,8.1
2026-06-22,GLPL,BSE,bulk,BUY,SWAPAN  KHANDELWAL,60000.0,43.05
2026-06-22,GLPL,BSE,bulk,SELL,UPSURGE OPPORTUNITIES FUND 1,72000.0,43.08
2026-06-22,GTEIT,BSE,bulk,BUY,LEELAMMATHENUMKALJOSEPH,86310.0,8.67
2026-06-22,GTEIT,BSE,bulk,SELL,VIVEK KANDA,20971.0,8.57
2026-06-22,GTEIT,BSE,bulk,SELL,VENKATESH PRASHANTH,18725.0,9.01
2026-06-22,GUJCOTEX,BSE,bulk,SELL,NEO APEX SHARE BROKING SERVICES LLP,791332.0,3.23
2026-06-22,GUJCOTEX,BSE,bulk,BUY,SETU SECURITIES PVT LTD,1761640.0,3.25
2026-06-22,GUJCOTEX,BSE,bulk,SELL,MANSI SHARE AND STOCK BROKING PRIVATE LIMITED,1056245.0,3.24
2026-06-22,GUJCOTEX,BSE,bulk,SELL,SETU SECURITIES PVT LTD,20.0,3.55
2026-06-22,GUJCOTEX,BSE,bulk,SELL,F3 ADVISORS PRIVATE LIMITED,500000.0,3.23
2026-06-22,GUJCOTEX,BSE,bulk,SELL,ANKITA VISHAL SHAH,1364511.0,3.53
2026-06-22,GUJCOTEX,BSE,bulk,BUY,ANKITA VISHAL SHAH,22000.0,3.52
2026-06-22,GUJCRED,BSE,bulk,SELL,KETAN MAHENDRAKUMAR CHALISHAZAR,25500.0,24.0
2026-06-22,GUJCRED,BSE,bulk,BUY,DARSHILKETANCHALISHAZAR,25644.0,24.0
2026-06-22,GVPTECHPP,NSE,bulk,SELL,KAILASHBEN ASHOKKUMAR PATEL,585429,1.53
2026-06-22,HORIZON,BSE,bulk,BUY,BANDHAN MUTUAL FUND,120000.0,139.95
2026-06-22,HORIZON,BSE,bulk,BUY,EXCELLENT SHARES AND FINANCE SERVICES PRIVATE LIMITED,132000.0,143.03
2026-06-22,HORIZON,BSE,bulk,SELL,MANSI SHARE AND STOCK BROKING PRIVATE LIMITED,133200.0,141.01
2026-06-22,HORIZON,BSE,bulk,BUY,MANSI SHARE AND STOCK BROKING PRIVATE LIMITED,140400.0,141.26
2026-06-22,HORIZON,BSE,bulk,SELL,MULTIPLIER SHARE & STOCK ADVISORS PRIVATE LIMITED,102000.0,139.95
2026-06-22,IDREAM,BSE,bulk,BUY,RAMESH KUMAR JAIN,1150.0,482.05
2026-06-22,IGARASHI,NSE,bulk,BUY,NK SECURITIES RESEARCH PRIVATE LIMITED,190675,471.86
2026-06-22,IGARASHI,NSE,bulk,BUY,QE SECURITIES LLP,185075,474.25
2026-06-22,IGARASHI,NSE,bulk,BUY,HRTI PRIVATE LIMITED,158220,473.5
2026-06-22,IGARASHI,NSE,bulk,BUY,MICROCURVES TRADING PRIVATE LIMITED,205063,472.04
2026-06-22,IGARASHI,NSE,bulk,SELL,MICROCURVES TRADING PRIVATE LIMITED,205063,472.26
2026-06-22,IGARASHI,NSE,bulk,SELL,HRTI PRIVATE LIMITED,159533,474.57
2026-06-22,IGARASHI,NSE,bulk,SELL,QE SECURITIES LLP,186317,472.42
2026-06-22,IGARASHI,NSE,bulk,SELL,NK SECURITIES RESEARCH PRIVATE LIMITED,190675,472.1
2026-06-22,JAIPAN,BSE,bulk,BUY,RUCHIKA SINGLA,102430.0,27.2
2026-06-22,JAIPAN,BSE,bulk,SELL,ATIN J AGARWAL,200000.0,27.2
2026-06-22,KOIYAIN,BSE,bulk,SELL,SHAJU  THOMAS,116743.0,11.5
2026-06-22,KOIYAIN,BSE,bulk,BUY,SYSTEMATIX SECURITIES LIMITED,107500.0,11.5
2026-06-22,KRISHNACAP,BSE,bulk,SELL,TARUNGARG,16161.0,59.27
2026-06-22,KRISHNACAP,BSE,bulk,SELL,KUSUMGUPTA,30312.0,59.27
2026-06-22,KRISHPP,NSE,bulk,BUY,INDUSTRIAL INVESTMENT TRUST LTD,97505,123.61
2026-06-22,KRISHPP,NSE,bulk,SELL,TALISMAN SECURITIES PRIVATE LIMITED,120972,125.88
2026-06-22,KSCL,NSE,bulk,BUY,NK SECURITIES RESEARCH PRIVATE LIMITED,336329,963.76
2026-06-22,KSCL,NSE,bulk,SELL,NK SECURITIES RESEARCH PRIVATE LIMITED,336329,964.22
2026-06-22,LADDU,BSE,bulk,SELL,SHARE INDIA SECURITIES LIMITED,305675.0,0.46
2026-06-22,LADDU,BSE,bulk,BUY,SHARE INDIA SECURITIES LIMITED,710412.0,0.46
2026-06-22,LAMOSAIC,NSE,bulk,BUY,KUBER EQUITY SERVICES LLP,101400,34.34
2026-06-22,LAMOSAIC,NSE,bulk,BUY,VISHAL MAHESH WAGHELA,55800,33.5
2026-06-22,LAMOSAIC,NSE,bulk,BUY,KESAR TRACOM INDIA LLP,99600,34.26
2026-06-22,LAMOSAIC,NSE,bulk,BUY,FOAMEX ENTERPRISES,99600,34.3
2026-06-22,LAMOSAIC,NSE,bulk,BUY,KARAN BALVANTBHAI PATEL,99600,34.5
2026-06-22,LAMOSAIC,NSE,bulk,BUY,BRILLIANT ENTERPRISES,99600,34.2
2026-06-22,LAMOSAIC,NSE,bulk,SELL,VINOD JUTHALAL VISARIA,499800,34.32
2026-06-22,LAMOSAIC,NSE,bulk,SELL,KUBER EQUITY SERVICES LLP,201600,33.63
2026-06-22,MAGSON,NSE,bulk,BUY,RISING CORPORATION LLP,96000,168
2026-06-22,MAGSON,NSE,bulk,SELL,MAHESHBHAI NARANBHAI PATEL,233000,168
2026-06-22,MHLXMIRU,NSE,bulk,SELL,NISHANT  PITTI,105943,154.69
2026-06-22,MIDEASTP,BSE,bulk,BUY,KALPESH VITHALDAS RAMI,50000.0,37.96
2026-06-22,MIDEASTP,BSE,bulk,BUY,SUJAL URVISHKUMAR SHAH,32000.0,37.96
2026-06-22,MIDEASTP,BSE,bulk,SELL,KISHOR AMICHAND SHAH,100000.0,37.96
2026-06-22,MYMUDRA,NSE,bulk,BUY,VIDHI MEHUL SHAH,99600,73.55
2026-06-22,MYMUDRA,NSE,bulk,SELL,PROFIN CAPITAL SERVICES LIMITED,141600,73.68
2026-06-22,NELCO,NSE,bulk,BUY,JUNOMONETA FINSOL PRIVATE LIMITED,130651,956.7
2026-06-22,NELCO,NSE,bulk,BUY,QE SECURITIES LLP,119446,951.83
2026-06-22,NELCO,NSE,bulk,SELL,QE SECURITIES LLP,114225,959.95
2026-06-22,NELCO,NSE,bulk,SELL,JUNOMONETA FINSOL PRIVATE LIMITED,131350,957.36
2026-06-22,NIITLTD,NSE,bulk,BUY,JUNOMONETA FINSOL PRIVATE LIMITED,994271,105.18
2026-06-22,NIITLTD,NSE,bulk,SELL,JUNOMONETA FINSOL PRIVATE LIMITED,994271,105.22
2026-06-22,NIKKIGL,BSE,bulk,BUY,GLASTON MARIO MENEZES,17235.0,21.82
2026-06-22,NOCIL,NSE,bulk,BUY,VICTUS ENTERPRISE LLP,1068822,188.78
2026-06-22,NOCIL,NSE,bulk,BUY,NEO APEX SHARE BROKING SERVICES LLP,1196190,190.26
2026-06-22,NOCIL,NSE,bulk,BUY,SETU SECURITIES PVT LTD,1494785,189.91
2026-06-22,NOCIL,NSE,bulk,SELL,SETU SECURITIES PVT LTD,1494785,190.81
2026-06-22,NOCIL,NSE,bulk,SELL,VICTUS ENTERPRISE LLP,68822,190.59
2026-06-22,NOCIL,NSE,bulk,SELL,NEO APEX SHARE BROKING SERVICES LLP,1196190,190.74
2026-06-22,OMNIPOTENT,BSE,bulk,SELL,SUMANTEKRIWAL,42000.0,2.53
2026-06-22,PASUFIN,BSE,bulk,SELL,ANISHA FINCAP CONSULTANTS LLP,99323.0,10.98
2026-06-22,PASUFIN,BSE,bulk,BUY,BRIJESH JITENDRA PAREKH,100000.0,10.98
2026-06-22,PGCRL,BSE,bulk,BUY,MIHIR NAVINCHANDRA SHAH,15000.0,131.5
2026-06-22,PGCRL,BSE,bulk,SELL,KRISHNA TRADE FINANCE,14400.0,131.92
2026-06-22,PGCRL,BSE,bulk,BUY,KRISHNA TRADE FINANCE,12000.0,131.44
2026-06-22,PPSL,NSE,bulk,SELL,DEEPA SHAILENDRA CHANDGOTHIA,195000,4.47
2026-06-22,PROCLB,BSE,bulk,SELL,JAYDEEP CHANDUBHAI KOTWANI,64924.0,30.17
2026-06-22,PROCLB,BSE,bulk,BUY,BHAVIK KISHORBHAI NATHAVANI,75000.0,30.17
2026-06-22,PULSRIN,BSE,bulk,BUY,SHARE INDIA SECURITIES LIMITED,2500005.0,0.57
2026-06-22,PULSRIN,BSE,bulk,SELL,SHARE INDIA SECURITIES LIMITED,2159818.0,0.58
2026-06-22,QFIL,NSE,bulk,BUY,TEJASVI  BHARGAVA,40000,57
2026-06-22,QFIL,NSE,bulk,SELL,SATELLITE DEVELOPERS PRIVATE LIMITED,46000,57
2026-06-22,RBA,NSE,bulk,BUY,QE SECURITIES LLP,3871385,79.11
2026-06-22,RBA,NSE,bulk,BUY,HRTI PRIVATE LIMITED,4233248,78.85
2026-06-22,RBA,NSE,bulk,BUY,MARWADI SHARES AND FINANCE LTD.,67391,78.9
2026-06-22,RBA,NSE,bulk,SELL,QE SECURITIES LLP,3885805,79.23
2026-06-22,RBA,NSE,bulk,SELL,MARWADI SHARES AND FINANCE LTD.,3167041,78.48
2026-06-22,RBA,NSE,bulk,SELL,HRTI PRIVATE LIMITED,5201407,78.91
2026-06-22,RHETAN,NSE,bulk,BUY,NIRAJ HARSUKHLAL SANGHAVI,4488175,28.08
2026-06-22,RHETAN,NSE,bulk,SELL,NIRAJ HARSUKHLAL SANGHAVI,4741029,29.01
2026-06-22,RMC,NSE,bulk,BUY,HRTI PRIVATE LIMITED,69383,353.04
2026-06-22,RMC,NSE,bulk,SELL,HRTI PRIVATE LIMITED,75397,350.67
2026-06-22,SAJHOTELS,NSE,bulk,SELL,REINA R JAISINGHANI,100000,29.54
2026-06-22,SHAKTIPR,BSE,bulk,SELL,BRIJESHJAMANBHAISANGHANI,150000.0,25.11
2026-06-22,SHAKTIPR,BSE,bulk,SELL,TRADE STATION VENTURES,200000.0,25.12
2026-06-22,SHAKTIPR,BSE,bulk,SELL,AMIT DHIRAJLAL MEHTA,400000.0,25.12
2026-06-22,SHAKTIPR,BSE,bulk,BUY,PATEL PRATIK,151820.0,24.7
2026-06-22,SHAKTIPR,BSE,bulk,SELL,PATEL PRATIK,8854.0,25.12
2026-06-22,SHAKTIPR,BSE,bulk,SELL,ABHISHEK PRAKASHCHAND CHHAJED,200000.0,25.12
2026-06-22,SHAKTIPR,BSE,bulk,SELL,MANOJ  KHANDELWAL,500000.0,25.12
2026-06-22,SHAKTIPR,BSE,bulk,SELL,HEMANG NAVINBHAI HARIA HUF,170000.0,25.12
2026-06-22,SHRINIWAS,BSE,bulk,BUY,GLASTON MARIO MENEZES,50000.0,9.61
2026-06-22,SHRINIWAS,BSE,bulk,SELL,PARMAR SANDIP BATUKBHAI,80900.0,9.61
2026-06-22,SINTERCOM,NSE,bulk,SELL,BELLWETHER CAPITAL PRIVATE LIMITED,182372,77.02
2026-06-22,SOFCOM,BSE,bulk,SELL,L7 HITECH PRIVATE LIMITED,151830.0,20.08
2026-06-22,SOUTHWEST,NSE,bulk,SELL,PIYUSH JAIN,454702,248.47
2026-06-22,SOUTHWEST,NSE,bulk,SELL,VIKAS JAIN,520000,248.95
2026-06-22,STARCOM,BSE,bulk,BUY,OCTASPACE REALCON PRIVATE LIMITED,197349.0,69.45
2026-06-22,STARCOM,BSE,bulk,SELL,ANTARA INDIA EVERGREEN FUND LTD,197399.0,69.45
2026-06-22,STARSOURCE,BSE,bulk,BUY,USHA JAWAHARLAL KALRO,9124.0,94.71
2026-06-22,STARSOURCE,BSE,bulk,SELL,USHA JAWAHARLAL KALRO,9124.0,98.23
2026-06-22,STYLEBAAZA,NSE,bulk,SELL,GIRIRAJ RATAN DAMANI,507152,326.4
2026-06-22,SUBROS,NSE,bulk,BUY,QE SECURITIES LLP,341188,855.85
2026-06-22,SUBROS,NSE,bulk,BUY,NK SECURITIES RESEARCH PRIVATE LIMITED,465638,852.92
2026-06-22,SUBROS,NSE,bulk,SELL,NK SECURITIES RESEARCH PRIVATE LIMITED,465638,853.44
2026-06-22,SUBROS,NSE,bulk,SELL,QE SECURITIES LLP,343075,846.6
2026-06-22,SUSAN,BSE,bulk,BUY,EPITOME TRADING AND INVESTMENTS,15000.0,215.3
2026-06-22,SUSAN,BSE,bulk,SELL,EPITOME TRADING AND INVESTMENTS,114000.0,213.91
2026-06-22,SWADHATURE,BSE,bulk,BUY,BARSHARANI  PANDA,50000.0,7.0
2026-06-22,SWADHATURE,BSE,bulk,SELL,HARDIK VINODBHAI GAJJAR,50000.0,7.0
2026-06-22,TFCILTD,NSE,bulk,BUY,F3 ADVISORS PRIVATE LIMITED,1848637,74.1
2026-06-22,TFCILTD,NSE,bulk,SELL,F3 ADVISORS PRIVATE LIMITED,3148637,74.41
2026-06-22,TRANSPACT,BSE,bulk,SELL,VISHAL MAHESH WAGHELA,11000.0,185.25
2026-06-22,TRANSPACT,BSE,bulk,SELL,VISHAL MAHESH WAGHELA,41500.0,185.96
2026-06-22,TRANSPACT,BSE,bulk,BUY,ALTIZEN VENTURES LLP,15500.0,185.68
2026-06-22,TRANSPACT,BSE,bulk,BUY,RG  HUF,30000.0,185.95
2026-06-22,TRANSPACT,BSE,bulk,BUY,R G FAMILY  TRUST,8000.0,185.95
2026-06-22,TTC,BSE,bulk,BUY,JINENDRA KUMAR JAIN,12000.0,230.1
2026-06-22,TTC,BSE,bulk,SELL,NEXT ORBIT VENTURES FUND,12900.0,230.88
2026-06-22,UCIL,BSE,bulk,BUY,VIKAS GOYAL,222890.0,99.75
2026-06-22,VASUDHAGAM,BSE,bulk,SELL,ARINDAM  DE,223864.0,0.9
2026-06-22,VIPULLTD,NSE,bulk,BUY,RATHOD MANOJ CHHAGANLAL HUF,1021502,11.42
2026-06-22,VIPULLTD,NSE,bulk,SELL,RATHOD MANOJ CHHAGANLAL HUF,1030502,11.66
2026-06-22,VISACHROME,NSE,bulk,BUY,ERISKA INVESTMENT FUND LTD,3644000,40.22
2026-06-22,VISACHROME,NSE,bulk,SELL,ASSETS CARE AND RECONSTRUCTION ENTERPRISE LIMITED,3754000,40.23
2026-06-22,YAAP,NSE,bulk,SELL,MINERVA VENTURES FUND,124000,180.72
2026-06-24,A1L,BSE,bulk,SELL,L7 HITECH PRIVATE LIMITED,3401225.0,7.66
2026-06-24,A1L,BSE,bulk,BUY,L7 HITECH PRIVATE LIMITED,2782859.0,7.73
2026-06-24,ABCOTS,BSE,bulk,SELL,IRAGE BROKING SERVICES LLP,39702.0,240.37
2026-06-24,ABCOTS,BSE,bulk,BUY,IRAGE BROKING SERVICES LLP,115922.0,244.94
2026-06-24,ADISHAKTI,BSE,bulk,BUY,PAWAN KUMAR AGARWAL,280000.0,14.62
2026-06-24,ADISHAKTI,BSE,bulk,SELL,ANCHAL  BANSAL,90000.0,14.07
2026-06-24,ADISHAKTI,BSE,bulk,SELL,RITIK,30000.0,14.21
2026-06-24,ADISHAKTI,BSE,bulk,BUY,ANCHAL  BANSAL,110000.0,13.88
2026-06-24,ADISHAKTI,BSE,bulk,BUY,RITIK,90000.0,13.92
2026-06-24,ADISHAKTI,BSE,bulk,SELL,PINE VIEW PORTFOLIO CONSULTANTS PRIVATE LIMITED,90000.0,14.65
2026-06-24,ADISHAKTI,BSE,bulk,SELL,ALPESH BABUBHAI BHALALA,140000.0,14.02
2026-06-24,ADSL,NSE,bulk,BUY,SILVERLEAF CAPITAL SERVICES PRIVATE LIMITED,425192,130.77
2026-06-24,ADSL,NSE,bulk,SELL,SILVERLEAF CAPITAL SERVICES PRIVATE LIMITED,425192,130.91
2026-06-24,AFCOM,BSE,bulk,SELL,THIAGARAJA,300000.0,1163.51
2026-06-24,ARMAN,BSE,bulk,SELL,OPPORTUNE EXIM PRIVATE LIMITED,54510.0,109.05
2026-06-24,ASCENSIVE,BSE,bulk,BUY,WEALTHWISE CAPITAL,290000.0,19.3
2026-06-24,ASHNI,BSE,bulk,SELL,PARAMOUNT INCORPORATION,6600000.0,3.4
2026-06-24,ASIANPAINT,NSE,block,BUY,THE MTBJ LTD. AS TRST FOR GOVRNMNT PENSION INVSTMNT FUND MUTB400045794,100248,2661.2
2026-06-24,ASIANPAINT,NSE,block,SELL,THE MTBJ LTD. AS TRST FOR GOVRNMNT PENSION INVSTMNT FUND MTBJ400045828,100248,2661.2
2026-06-24,ATALREAL,NSE,bulk,BUY,HRTI PRIVATE LIMITED,683238,30.38
2026-06-24,ATALREAL,NSE,bulk,BUY,ALTIZEN VENTURES LLP,1026356,30.35
2026-06-24,ATALREAL,NSE,bulk,BUY,ACME CAPITAL MARKET LIMITED,1849377,30.35
2026-06-24,ATALREAL,NSE,bulk,BUY,BULLPULSE MARKETEDGE PRIVATE LIMITED,1000000,30.3
2026-06-24,ATALREAL,NSE,bulk,SELL,HRTI PRIVATE LIMITED,396351,30.34
2026-06-24,ATALREAL,NSE,bulk,SELL,ALTIZEN VENTURES LLP,598720,30.35
2026-06-24,ATALREAL,NSE,bulk,SELL,NIMESH MAHENDRA SAVLA,625000,30.44
2026-06-24,ATALREAL,NSE,bulk,SELL,VISHAL MAHESH WAGHELA,1468381,30.43
2026-06-24,ATALREAL,NSE,bulk,SELL,BULLPULSE MARKETEDGE PRIVATE LIMITED,1000000,30.36
2026-06-24,ATALREAL,NSE,bulk,SELL,ACME CAPITAL MARKET LIMITED,1849377,30.32
2026-06-24,AUREATE,BSE,bulk,BUY,HEMANT  BAFNA,128000.0,34.99
2026-06-24,AUREATE,BSE,bulk,BUY,PARASRAMPURIA INFRASTRUCTURE LLP,174000.0,34.97
2026-06-24,AUREATE,BSE,bulk,SELL,VINEY GROWTH FUND,210000.0,33.96
2026-06-24,AUREATE,BSE,bulk,SELL,GIRIRAJ STOCK BROKING PRIVATE LIMITED,180000.0,33.88
2026-06-24,AUREATE,BSE,bulk,BUY,GIRIRAJ STOCK BROKING PRIVATE LIMITED,2000.0,32.0
2026-06-24,AXISBANK,NSE,block,BUY,THE MTBJ LTD. AS TRST FOR GOVRNMNT PENSION INVSTMNT FUND MUTB400045794,184107,1363.5
2026-06-24,AXISBANK,NSE,block,SELL,THE MTBJ LTD. AS TRST FOR GOVRNMNT PENSION INVSTMNT FUND MTBJ400045828,184107,1363.5
2026-06-24,BACPHAR,BSE,bulk,BUY,HASMUKH KARMIBHAI MARWADI,95000.0,41.85
2026-06-24,BACPHAR,BSE,bulk,SELL,MANUBHAI AMRUTLAL SHAH,224035.0,41.91
2026-06-24,BAJFINANCE,NSE,block,BUY,THE MTBJ LTD. AS TRST FOR GOVRNMNT PENSION INVSTMNT FUND MUTB400045794,367127,962.4
2026-06-24,BAJFINANCE,NSE,block,SELL,THE MTBJ LTD. AS TRST FOR GOVRNMNT PENSION INVSTMNT FUND MTBJ400045828,367127,962.4
2026-06-24,BEL,NSE,block,BUY,THE MTBJ LTD. AS TRST FOR GOVRNMNT PENSION INVSTMNT FUND MUTB400045794,837516,420
2026-06-24,BEL,NSE,block,SELL,THE MTBJ LTD. AS TRST FOR GOVRNMNT PENSION INVSTMNT FUND MTBJ400045828,837516,420
2026-06-24,BGIL,BSE,bulk,BUY,DEEPAK YALLAPPA MANE,75000.0,8.51
2026-06-24,BHARTIARTL,NSE,block,BUY,THE MTBJ LTD. AS TRST FOR GOVRNMNT PENSION INVSTMNT FUND MUTB400045794,218882,1901.6
2026-06-24,BHARTIARTL,NSE,block,SELL,THE MTBJ LTD. AS TRST FOR GOVRNMNT PENSION INVSTMNT FUND MTBJ400045828,218882,1901.6
2026-06-24,CGFL,BSE,bulk,SELL,DILIP NANJI CHHEDA,711897.0,29.79
2026-06-24,CGFL,BSE,bulk,BUY,DP GLOBAL WEALTH MANAGEMENT LLP,500000.0,29.68
2026-06-24,CGFL,BSE,bulk,BUY,DP GLOBAL WEALTH MANAGEMENT LLP,502060.0,29.88
2026-06-24,DANUBE,BSE,bulk,SELL,SURESHKUMAR GURUMUKHDAS UDHANI,792780.0,6.99
2026-06-24,DANUBE,BSE,bulk,BUY,KAMAL  GADALAY,823012.0,7.27
2026-06-24,DANUBE,BSE,bulk,BUY,BHUPATHI RAJU SAI SINDHURA,588028.0,7.63
2026-06-24,DELHIVERY,NSE,bulk,SELL,ALPHA WAVE VENTURES LP,7222400,460.36
2026-06-24,DELHIVERY,BSE,bulk,SELL,"ALPHA WAVE VENTURES, LP",7222400.0,460.03
2026-06-24,DHYAANITR,BSE,bulk,BUY,KAMLESHBHAI CHOITHRAM SUKHLANI,98000.0,4.98
2026-06-24,DIKSHA,BSE,bulk,BUY,SHREESHAY ENGINEERS LIMITED,250800.0,114.5
2026-06-24,DIKSHA,BSE,bulk,BUY,KESAR TRACOM INDIA LLP,86400.0,114.5
2026-06-24,DIKSHA,BSE,bulk,BUY,SAURASHTRA FINSTOCK PRIVATE LIMITED,99600.0,114.5
2026-06-24,DIKSHA,BSE,bulk,BUY,KUBER EQUITY SERVICES LLP,130800.0,114.5
2026-06-24,DIKSHA,BSE,bulk,BUY,VIKAS RAMESH MEHTA,97200.0,114.5
2026-06-24,DIKSHA,BSE,bulk,SELL,SHRENI SHARES LTD,8400.0,120.2
2026-06-24,DIKSHA,BSE,bulk,BUY,SHRENI SHARES LTD,120000.0,114.5
2026-06-24,DIKSHA,BSE,bulk,BUY,SMART HORIZON CAPITAL ADVISORS PRIVATE LIMITED,70800.0,114.5
2026-06-24,DIKSHA,BSE,bulk,BUY,BRIJESHKUMAR JYANTILAL PATEL,72000.0,114.5
2026-06-24,ENBETRD,BSE,bulk,SELL,SATISH KUMAR ANANTA SATYANARAYANA ANAPU,5000022.0,0.26
2026-06-24,ENBETRD,BSE,bulk,BUY,SATISH KUMAR ANANTA SATYANARAYANA ANAPU,4750000.0,0.26
2026-06-24,FALCONTECH,NSE,bulk,BUY,SHRISHTI AGRAWAL,9600,11.54
2026-06-24,FALCONTECH,NSE,bulk,BUY,N J SHARES & SECURITIES PVT.LTD.,48000,11.18
2026-06-24,FALCONTECH,NSE,bulk,SELL,N J SHARES & SECURITIES PVT.LTD.,48000,11.4
2026-06-24,FALCONTECH,NSE,bulk,SELL,SHRISHTI AGRAWAL,112800,11.19
2026-06-24,GBLOGISTIC,BSE,bulk,BUY,SUBODHCHANDRAGARAI,63600.0,32.84
2026-06-24,GBLOGISTIC,BSE,bulk,SELL,SATYAVIBHUMUPPANA,69600.0,32.79
2026-06-24,GCSL,NSE,bulk,BUY,MANSUKH SECURITIES & FINANCE LIMITED,132007,421.92
2026-06-24,GCSL,NSE,bulk,SELL,MANSUKH SECURITIES & FINANCE LIMITED,38386,419.62
2026-06-24,GEL,BSE,bulk,BUY,MAHESHKUMAR SUBHASHKUMAR JAIN,150000.0,33.2
2026-06-24,GEL,BSE,bulk,SELL,PARMESHWAR OJHA,501000.0,33.24
2026-06-24,GOCOLORS,NSE,bulk,BUY,RAMDOOT REALTORS PVT LTD,342769,388.87
2026-06-24,GOCOLORS,NSE,bulk,SELL,RAMDOOT REALTORS PVT LTD,326684,388.35
2026-06-24,GVPTECHPP,NSE,bulk,BUY,NIJINOY TRADING PRIVATE LIMITED,215200,1.61
2026-06-24,HARIKANTA,BSE,bulk,SELL,ALACRITY SECURITIES LIMITED,104400.0,68.2
2026-06-24,HARIKANTA,BSE,bulk,BUY,ALACRITY SECURITIES LIMITED,43200.0,68.4
2026-06-24,HDFCBANK,NSE,block,BUY,THE MTBJ LTD. AS TRST FOR GOVRNMNT PENSION INVSTMNT FUND MUTB400045794,1013597,774.65
2026-06-24,HDFCBANK,NSE,block,SELL,THE MTBJ LTD. AS TRST FOR GOVRNMNT PENSION INVSTMNT FUND MTBJ400045828,1013597,774.65
2026-06-24,HINDUNILVR,NSE,block,BUY,THE MTBJ LTD. AS TRST FOR GOVRNMNT PENSION INVSTMNT FUND MUTB400045794,125199,2160.1
2026-06-24,HINDUNILVR,NSE,block,SELL,THE MTBJ LTD. AS TRST FOR GOVRNMNT PENSION INVSTMNT FUND MTBJ400045828,125199,2160.1
2026-06-24,ICICIBANK,NSE,block,BUY,THE MTBJ LTD. AS TRST FOR GOVRNMNT PENSION INVSTMNT FUND MUTB400045794,967959,1338.3
2026-06-24,ICICIBANK,NSE,block,SELL,THE MTBJ LTD. AS TRST FOR GOVRNMNT PENSION INVSTMNT FUND MTBJ400045828,967959,1338.3
2026-06-24,IMPAL,BSE,bulk,BUY,GITA RAM,71559.0,1120.1
2026-06-24,IMPAL,BSE,bulk,SELL,PARI WASHINGTON COMPANY AC PARI WASHINGTON INDIA MASTER FUND LTD,122558.0,1120.1
2026-06-24,INFY,NSE,block,BUY,THE MTBJ LTD. AS TRST FOR GOVRNMNT PENSION INVSTMNT FUND MUTB400045794,613120,1029.3
2026-06-24,INFY,NSE,block,SELL,THE MTBJ LTD. AS TRST FOR GOVRNMNT PENSION INVSTMNT FUND MTBJ400045828,613120,1029.3
2026-06-24,JAYESH,NSE,bulk,BUY,PROGNOSIS SECURITIES PVT. LTD,57000,170.85
2026-06-24,JAYESH,NSE,bulk,SELL,PROGNOSIS SECURITIES PVT. LTD,61000,153.5
2026-06-24,JUPITERIN,BSE,bulk,SELL,UMESH MODI,90000.0,54.0
2026-06-24,JUPITERIN,BSE,bulk,BUY,SHIV PARVATI LEASING PRIVATE LIMITED,89933.0,54.0
2026-06-24,KRISHPP,NSE,bulk,BUY,TALISMAN SECURITIES PRIVATE LIMITED,26252,159.1
2026-06-24,LAMOSAIC,NSE,bulk,BUY,BRILLIANT ENTERPRISES,100200,33.71
2026-06-24,LAMOSAIC,NSE,bulk,BUY,KESAR TRACOM INDIA LLP,150000,33.68
2026-06-24,LAMOSAIC,NSE,bulk,SELL,VINOD JUTHALAL VISARIA,300000,33.67
2026-06-24,LESL,BSE,bulk,SELL,ANANT SECURITIES,996000.0,22.38
2026-06-24,LESL,BSE,bulk,BUY,COLOURSHINE HOSIERY PRIVATE LIMITED,1782000.0,22.0
2026-06-24,LESL,BSE,bulk,BUY,RAXITKUMAR  PATEL,858000.0,22.81
2026-06-24,LESL,BSE,bulk,BUY,INDIA FAST FORWARD ADVISORY SERVICES PRIVATE LIMITED,1110000.0,22.0
2026-06-24,LESL,BSE,bulk,BUY,DEEP HEALTH AI INDIA LIMITED,9030000.0,22.0
2026-06-24,LESL,BSE,bulk,BUY,HEMANG NAVINBHAI HARIA HUF,804000.0,22.0
2026-06-24,LT,NSE,block,BUY,THE MTBJ LTD. AS TRST FOR GOVRNMNT PENSION INVSTMNT FUND MUTB400045794,122583,4179.4
2026-06-24,LT,NSE,block,SELL,THE MTBJ LTD. AS TRST FOR GOVRNMNT PENSION INVSTMNT FUND MTBJ400045828,122583,4179.4
2026-06-24,M&M,NSE,block,BUY,THE MTBJ LTD. AS TRST FOR GOVRNMNT PENSION INVSTMNT FUND MUTB400045794,128377,3037.3
2026-06-24,M&M,NSE,block,SELL,THE MTBJ LTD. AS TRST FOR GOVRNMNT PENSION INVSTMNT FUND MTBJ400045828,128377,3037.3
2026-06-24,MAFIA,BSE,bulk,SELL,DIPTIBEN MUKESHBHAI PATEL,24000.0,5.2
2026-06-24,MANCREDIT,NSE,bulk,BUY,BULLPULSE MARKETEDGE PRIVATE LIMITED,119486,228.25
2026-06-24,MANCREDIT,NSE,bulk,SELL,BULLPULSE MARKETEDGE PRIVATE LIMITED,120238,232.54
2026-06-24,MARKOLINES,NSE,bulk,BUY,HI KLASS TRADING & INVESTMENT LIMITED,37800,174.02
2026-06-24,MARKOLINES,NSE,bulk,BUY,VISTAAR TRADING SERVICE PRIVATE LIMITED,182225,173.71
2026-06-24,MARKOLINES,NSE,bulk,BUY,HYPOTENUSE INVESTMENTS,245000,173
2026-06-24,MARKOLINES,NSE,bulk,SELL,HI KLASS TRADING & INVESTMENT LIMITED,432355,173.19
2026-06-24,MARKOLINES,NSE,bulk,SELL,VISTAAR TRADING SERVICE PRIVATE LIMITED,182225,173.98
2026-06-24,MHLXMIRU,NSE,bulk,BUY,NEO APEX VENTURE LLP,100517,130.2
2026-06-24,MHLXMIRU,NSE,bulk,BUY,SWAY FINANCIAL SERVICES,64752,136.58
2026-06-24,MHLXMIRU,NSE,bulk,BUY,D3 STOCK VISION LLP,69263,129
2026-06-24,MHLXMIRU,NSE,bulk,SELL,SWAY FINANCIAL SERVICES,9509,139.12
2026-06-24,MHLXMIRU,NSE,bulk,SELL,D3 STOCK VISION LLP,25988,128.23
2026-06-24,MHLXMIRU,NSE,bulk,SELL,NEO APEX VENTURE LLP,10411,130.34
2026-06-24,MHLXMIRU,NSE,bulk,SELL,NISHANT  PITTI,403611,132.01
2026-06-24,MIL,BSE,bulk,BUY,SAMIR DILIPKUMAR  SHAH,100000.0,31.6
2026-06-24,NAPSGLOBAL,BSE,bulk,BUY,RADHESHYAM MAKHARIA,105600.0,35.08
2026-06-24,NAPSGLOBAL,BSE,bulk,SELL,SHIVARJUN BYRAPANENI RAO,102400.0,35.0
2026-06-24,NARMADA,NSE,bulk,BUY,L7 HITECH PRIVATE LIMITED,50000,40
2026-06-24,NARMADA,NSE,bulk,BUY,MSB E TRADE SECURITIES LIMITED,370365,38.78
2026-06-24,NARMADA,NSE,bulk,SELL,CHANAKYA OPPORTUNITIES FUND I,453704,39.23
2026-06-24,NARMADA,NSE,bulk,SELL,SILLENIUM INFRA PROJECT PRIVATE LIMITED,400000,39.2
2026-06-24,NARMADA,NSE,bulk,SELL,L7 HITECH PRIVATE LIMITED,200000,38.71
2026-06-24,NARMADA,NSE,bulk,SELL,MSB E TRADE SECURITIES LIMITED,370365,38.69
2026-06-24,NARMADA,NSE,bulk,SELL,METASONI ALLOYS PVT LTD,200000,38.61
2026-06-24,NATHUEC,BSE,bulk,BUY,ATUL KUMAR GUPTA,23431.0,36.02
2026-06-24,NDRINVIT,NSE,bulk,BUY,N.D.R WAREHOUSING PRIVATE LIMITED,10000000,137
2026-06-24,NDRINVIT,NSE,bulk,BUY,NDR UNIVERSAL ENTERPRISES PRIVATE LIMITED,4625000,137
2026-06-24,NDRINVIT,NSE,bulk,SELL,INVESTCORP INDIA WAREHOUSING IFSC TRUST,14625000,137
2026-06-24,NDRINVIT,NSE,block,BUY,NDR UNIVERSAL ENTERPRISES PRIVATE LIMITED,4625000,137
2026-06-24,NDRINVIT,NSE,block,BUY,N.D.R WAREHOUSING PRIVATE LIMITED,10000000,137
2026-06-24,NDRINVIT,NSE,block,SELL,INVESTCORP INDIA WAREHOUSING IFSC TRUST,14625000,137
2026-06-24,NEELKAN,BSE,bulk,SELL,PRAVEENKUMAR JASRAJ KOTHARI,27000.0,44.99
2026-06-24,NIKKIGL,BSE,bulk,SELL,MANDAKINIBEN PRADYUMANBHAI PATEL,75692.0,22.27
2026-06-24,NIKKIGL,BSE,bulk,BUY,NIRBHARANTAGARWAL,17500.0,21.92
2026-06-24,NOVUS,BSE,bulk,BUY,YASH HITESH PATEL,137000.0,146.0
2026-06-24,PACEDIGITK,NSE,bulk,BUY,JUNOMONETA FINSOL PRIVATE LIMITED,1565449,212.42
2026-06-24,PACEDIGITK,NSE,bulk,SELL,JUNOMONETA FINSOL PRIVATE LIMITED,1568882,212.49
2026-06-24,PINELABS,NSE,bulk,BUY,HRTI PRIVATE LIMITED,6089510,157.83
2026-06-24,PINELABS,NSE,bulk,SELL,HRTI PRIVATE LIMITED,4826954,157.68
2026-06-24,PINELABS,BSE,bulk,BUY,AXIS MUTUAL FUND,9615267.0,154.0
2026-06-24,PINELABS,BSE,bulk,SELL,ACTIS PINE LABS INVESTMENT HOLDINGS LIMITED,23909033.0,155.17
2026-06-24,POWERGRID,NSE,block,BUY,THE MTBJ LTD. AS TRST FOR GOVRNMNT PENSION INVSTMNT FUND MUTB400045794,1028059,291.95
2026-06-24,POWERGRID,NSE,block,SELL,THE MTBJ LTD. AS TRST FOR GOVRNMNT PENSION INVSTMNT FUND MTBJ400045828,1028059,291.95
2026-06-24,PRABHHANS,BSE,bulk,SELL,MITRA HOLDINGS,76580.0,46.07
2026-06-24,PROFINC,BSE,bulk,BUY,L7 HITECH PRIVATE LIMITED,8697527.0,2.86
2026-06-24,PROFINC,BSE,bulk,SELL,RAMESH SAWALRAM SARAOGI,12000000.0,2.86
2026-06-24,RAMCOSYS,NSE,bulk,BUY,NK SECURITIES RESEARCH PRIVATE LIMITED,244877,637.53
2026-06-24,RAMCOSYS,NSE,bulk,BUY,JUNOMONETA FINSOL PRIVATE LIMITED,539307,639.76
2026-06-24,RAMCOSYS,NSE,bulk,BUY,QE SECURITIES LLP,324778,641.15
2026-06-24,RAMCOSYS,NSE,bulk,BUY,HRTI PRIVATE LIMITED,219662,639.51
2026-06-24,RAMCOSYS,NSE,bulk,BUY,MICROCURVES TRADING PRIVATE LIMITED,307016,642.31
2026-06-24,RAMCOSYS,NSE,bulk,SELL,JUNOMONETA FINSOL PRIVATE LIMITED,535251,640.22
2026-06-24,RAMCOSYS,NSE,bulk,SELL,QE SECURITIES LLP,326675,640.53
2026-06-24,RAMCOSYS,NSE,bulk,SELL,NK SECURITIES RESEARCH PRIVATE LIMITED,245144,637.94
2026-06-24,RAMCOSYS,NSE,bulk,SELL,MICROCURVES TRADING PRIVATE LIMITED,307016,642.82
2026-06-24,RAMCOSYS,NSE,bulk,SELL,HRTI PRIVATE LIMITED,208221,634.49
2026-06-24,RATNAVEER,NSE,bulk,BUY,ARIHANT CAPITAL MARKETS LIMITED,730426,182.84
2026-06-24,RATNAVEER,NSE,bulk,SELL,CHUNGATH KARUNAKARAN PADMA KUMAR,441000,182
2026-06-24,RATNAVEER,NSE,bulk,SELL,ARIHANT CAPITAL MARKETS LIMITED,742428,182.78
2026-06-24,RELIANCE,NSE,block,BUY,THE MTBJ LTD. AS TRST FOR GOVRNMNT PENSION INVSTMNT FUND MUTB400045794,719579,1309.5
2026-06-24,RELIANCE,NSE,block,SELL,THE MTBJ LTD. AS TRST FOR GOVRNMNT PENSION INVSTMNT FUND MTBJ400045828,719579,1309.5
2026-06-24,ROTO,NSE,bulk,BUY,QE SECURITIES LLP,3798378,76.89
2026-06-24,ROTO,NSE,bulk,BUY,IRAGE BROKING SERVICES LLP,1558101,76.77
2026-06-24,ROTO,NSE,bulk,BUY,ALPHAGREP SECURITIES PRIVATE LIMITED,1118363,76.84
2026-06-24,ROTO,NSE,bulk,BUY,NK SECURITIES RESEARCH PRIVATE LIMITED,3547860,76.82
2026-06-24,ROTO,NSE,bulk,BUY,MICROCURVES TRADING PRIVATE LIMITED,4058229,77.04
2026-06-24,ROTO,NSE,bulk,BUY,BLITZQUANT RESEARCH LLP,1243476,77
2026-06-24,ROTO,NSE,bulk,BUY,MUSIGMA SECURITIES,956479,77.13
2026-06-24,ROTO,NSE,bulk,BUY,CLT RESEARCH TECH PRIVATE LTD,1345426,76.8
2026-06-24,ROTO,NSE,bulk,BUY,MARWADI SHARES AND FINANCE LTD.,1022798,76.94
2026-06-24,ROTO,NSE,bulk,BUY,JUMP TRADING FINANCIAL INDIA PRIVATE LIMITED,1537297,77.01
2026-06-24,ROTO,NSE,bulk,BUY,JUNOMONETA FINSOL PRIVATE LIMITED,4876427,76.97
2026-06-24,ROTO,NSE,bulk,SELL,NK SECURITIES RESEARCH PRIVATE LIMITED,3547860,76.85
2026-06-24,ROTO,NSE,bulk,SELL,BLITZQUANT RESEARCH LLP,1243476,77.04
2026-06-24,ROTO,NSE,bulk,SELL,MUSIGMA SECURITIES,956479,77.15
2026-06-24,ROTO,NSE,bulk,SELL,CLT RESEARCH TECH PRIVATE LTD,1345426,76.83
2026-06-24,ROTO,NSE,bulk,SELL,MICROCURVES TRADING PRIVATE LIMITED,4058229,77.07
2026-06-24,ROTO,NSE,bulk,SELL,JUNOMONETA FINSOL PRIVATE LIMITED,4895198,77.02
2026-06-24,ROTO,NSE,bulk,SELL,JUMP TRADING FINANCIAL INDIA PRIVATE LIMITED,1537297,77.05
2026-06-24,ROTO,NSE,bulk,SELL,QE SECURITIES LLP,3827426,76.8
2026-06-24,ROTO,NSE,bulk,SELL,IRAGE BROKING SERVICES LLP,1055176,76.92
2026-06-24,ROTO,NSE,bulk,SELL,ALPHAGREP SECURITIES PRIVATE LIMITED,1118363,76.84
2026-06-24,ROTO,NSE,bulk,SELL,MARWADI SHARES AND FINANCE LTD.,1022798,76.32
2026-06-24,ROTO,BSE,bulk,BUY,IRAGE BROKING SERVICES LLP,532083.0,76.71
2026-06-24,ROTO,BSE,bulk,SELL,IRAGE BROKING SERVICES LLP,1035008.0,76.71
2026-06-24,RPTECH,NSE,bulk,BUY,HRTI PRIVATE LIMITED,492101,761.93
2026-06-24,RPTECH,NSE,bulk,SELL,HRTI PRIVATE LIMITED,469881,763
2026-06-24,SAJHOTELS,NSE,bulk,SELL,REINA R JAISINGHANI,100000,28.33
2026-06-24,SALASAR,NSE,bulk,SELL,ALOK  KUMAR,13506141,6.63
2026-06-24,SATECH,NSE,bulk,SELL,PAWAN KUMAR GUPTA,69000,33.7
2026-06-24,SBC,NSE,bulk,BUY,DEEPIKA GUPTA,2500000,41.74
2026-06-24,SBC,NSE,bulk,SELL,NITN KAPOOR,2400000,41.65
2026-06-24,SHADOWFAX,BSE,bulk,SELL,MIRAE ASSET LATE STAGE OPPORTUNITIES FUND,5650000.0,212.0
2026-06-24,SHAKTIPR,BSE,bulk,SELL,DEEPAKKUMAR JAIN,341527.0,27.67
2026-06-24,SHAKTIPR,BSE,bulk,BUY,RONAKKUMAR RATISHKUMAR PATEL,147057.0,27.07
2026-06-24,SHAKTIPR,BSE,bulk,SELL,RAXITKUMAR  PATEL,220000.0,27.67
2026-06-24,SHAKTIPR,BSE,bulk,BUY,SACHIN GOVINDLAL MODI,162880.0,27.17
2026-06-24,SHAKTIPR,BSE,bulk,BUY,A J TRADEVISION,200000.0,27.14
2026-06-24,SUJALA,BSE,bulk,SELL,SIDDHANT SHIRISH SHAH,91400.0,17.55
2026-06-24,SUJALA,BSE,bulk,BUY,SIDDHANT SHIRISH SHAH,31109.0,17.45
2026-06-24,SUJALA,BSE,bulk,BUY,DEEPAK YALLAPPA MANE,50000.0,17.55
2026-06-24,SUMEET-RE,NSE,bulk,SELL,BIRLA ANKITA,1200000,3.35
2026-06-24,SUMEET-RE,NSE,bulk,SELL,BIRLA KAPIL,1961000,3.57
2026-06-24,SUNPHARMA,NSE,block,BUY,THE MTBJ LTD. AS TRST FOR GOVRNMNT PENSION INVSTMNT FUND MUTB400045794,154424,1868
2026-06-24,SUNPHARMA,NSE,block,SELL,THE MTBJ LTD. AS TRST FOR GOVRNMNT PENSION INVSTMNT FUND MTBJ400045828,154424,1868
2026-06-24,SUPREME,NSE,bulk,SELL,MSB E TRADE SECURITIES LIMITED,202903,48
2026-06-24,TCIEXP,NSE,bulk,BUY,NK SECURITIES RESEARCH PRIVATE LIMITED,278600,604.46
2026-06-24,TCIEXP,NSE,bulk,SELL,NK SECURITIES RESEARCH PRIVATE LIMITED,278600,605.01
2026-06-24,TCS,NSE,block,BUY,THE MTBJ LTD. AS TRST FOR GOVRNMNT PENSION INVSTMNT FUND MUTB400045794,183328,2059.6
2026-06-24,TCS,NSE,block,SELL,THE MTBJ LTD. AS TRST FOR GOVRNMNT PENSION INVSTMNT FUND MTBJ400045828,183328,2059.6
2026-06-24,TEJASSVI,BSE,bulk,BUY,VIJAY  HINDUJA,50000.0,42.53
2026-06-24,TEJASSVI,BSE,bulk,SELL,JOHN AMIRTHARAJ HENRY,56000.0,42.52
2026-06-24,TITAN,NSE,block,BUY,THE MTBJ LTD. AS TRST FOR GOVRNMNT PENSION INVSTMNT FUND MUTB400045794,81064,4305.3
2026-06-24,TITAN,NSE,block,SELL,THE MTBJ LTD. AS TRST FOR GOVRNMNT PENSION INVSTMNT FUND MTBJ400045828,81064,4305.3
2026-06-24,TRUSTEDGE,BSE,bulk,BUY,UNICORN FUND,49015.0,117.11
2026-06-24,URAVIDEF,NSE,bulk,SELL,VINEY CORPORATION  LIMITED,219114,114.5
2026-06-24,URAVIDEF,BSE,bulk,SELL,VINEY CORPORATION LIMITED,202993.0,114.5
2026-06-24,VOLLF,BSE,bulk,BUY,ULTIMATEANNEX TRADING PRIVATE LIMITED,50000.0,13.3
2026-06-24,VOLLF,BSE,bulk,SELL,SEEMA ASHOKKUMAR TALESARA,25000.0,13.3
2026-06-24,VOLLF,BSE,bulk,SELL,ASHOK KUMAR RATANLAL TALESARA,25000.0,13.3
2026-06-24,ZDHJERK,BSE,bulk,BUY,GLASTON MARIO MENEZES,79999.0,24.15
2026-06-24,ZDHJERK,BSE,bulk,SELL,AJAY KUMAR TYAGI,80000.0,24.15
2026-06-30,ENERGYINF,BSE,block,BUY,ARVESTA FINANCIAL SERVICES PRIVATE LIMITED,3300000.0,76.0
2026-06-30,ENERGYINF,BSE,block,BUY,NEO REAL ASSET YIELD FUND,3925000.0,76.0
2026-06-30,ENERGYINF,BSE,block,SELL,RAPID HOLDINGS 2 PTE LIMITED,3300000.0,76.0
2026-06-30,ENERGYINF,BSE,block,SELL,RAPID HOLDINGS 2 PTE LIMITED,3925000.0,76.0
2026-06-30,GENUSPOWER,NSE,block,BUY,BUOYANT OPPORTUNITIES STRATEGY,2241379,290
2026-06-30,GENUSPOWER,NSE,block,BUY,BUOYANT OPPORTUNITIES STRATEGY-III,2241379,290
2026-06-30,GENUSPOWER,NSE,block,BUY,PROFITEX SHARES & SECURITIES PRIVATE LIMITED,4482759,290
2026-06-30,GENUSPOWER,NSE,block,BUY,MADHURI MADHUSUDAN KELA,1379310,290
2026-06-30,GENUSPOWER,NSE,block,SELL,CHISWICK INVESTMENT PTE LTD,10344827,290
2026-07-01,A1L,BSE,bulk,BUY,RATHOD DIGVIJAYSINH RAJENDRASINH,2575361.0,7.65
2026-07-01,A1L,BSE,bulk,SELL,RATHOD DIGVIJAYSINH RAJENDRASINH,2429518.0,7.66
2026-07-01,AAPLUSTRAD,BSE,bulk,BUY,RATHOD DIGVIJAYSINH RAJENDRASINH,1840000.0,1.15
2026-07-01,AAPLUSTRAD,BSE,bulk,SELL,RATHOD DIGVIJAYSINH RAJENDRASINH,320000.0,1.15
2026-07-01,ACCEDERE,BSE,bulk,SELL,ANILKUMAR,40148.0,91.34
2026-07-01,ACCEDERE,BSE,bulk,BUY,MONEYPLANT GOLD & JEWELLERY TRADING L.L.C,43124.0,91.36
2026-07-01,ADISHAKTI,BSE,bulk,BUY,TADI SATHI REDDY,40000.0,12.16
2026-07-01,ADISHAKTI,BSE,bulk,SELL,TADI SATHI REDDY,90000.0,12.73
2026-07-01,ARYAVAN,BSE,bulk,BUY,PR ENERGY AND MINCHEM PRIVATE LIMITED,100000.0,48.99
2026-07-01,ARYAVAN,BSE,bulk,SELL,HEMANT RAJENDRABHAI SHAH,37114.0,49.0
2026-07-01,ARYAVAN,BSE,bulk,SELL,KENUL HEMANTKUMAR SHAH,40000.0,49.0
2026-07-01,ASHNI,BSE,bulk,SELL,SHAH  JAYESHKUMAR,1500000.0,3.1
2026-07-01,ATALREAL,NSE,bulk,BUY,ACME CAPITAL MARKET LIMITED,480999,28.09
2026-07-01,ATALREAL,NSE,bulk,BUY,MANISH N THAKUR,1089544,28.31
2026-07-01,ATALREAL,NSE,bulk,BUY,ALTIZEN VENTURES LLP,2161639,28.23
2026-07-01,ATALREAL,NSE,bulk,BUY,NIRAJ RAJNIKANT SHAH,1350000,28.03
2026-07-01,ATALREAL,NSE,bulk,SELL,MANISH N THAKUR,1089544,28.25
2026-07-01,ATALREAL,NSE,bulk,SELL,ALTIZEN VENTURES LLP,2212056,28.12
2026-07-01,ATALREAL,NSE,bulk,SELL,ACME CAPITAL MARKET LIMITED,755999,28.25
2026-07-01,AVAX,BSE,bulk,BUY,SURYA KIRAN INVESTMENT AND CAPITAL SERVICES PRIVATE LIMITED,49000.0,49.9
2026-07-01,AVAX,BSE,bulk,SELL,SKI CONSULTANCY SERVICES LTD,50000.0,49.9
2026-07-01,BACPHAR,BSE,bulk,SELL,NIRMALKUMAR RAMESHCHANDRA PATEL,73660.0,39.32
2026-07-01,BACPHAR,BSE,bulk,SELL,AMNESTI MULTISERVICES PRIVATE LIMITED,17487.0,40.0
2026-07-01,BACPHAR,BSE,bulk,BUY,AMNESTI MULTISERVICES PRIVATE LIMITED,155752.0,39.56
2026-07-01,BANG,NSE,bulk,BUY,SANDEEP JAIN,84823,31.44
2026-07-01,BHARATSE,NSE,bulk,BUY,QE SECURITIES LLP,351784,214.96
2026-07-01,BHARATSE,NSE,bulk,BUY,JUNOMONETA FINSOL PRIVATE LIMITED,430465,215.91
2026-07-01,BHARATSE,NSE,bulk,BUY,NK SECURITIES RESEARCH PRIVATE LIMITED,623329,216.06
2026-07-01,BHARATSE,NSE,bulk,SELL,JUNOMONETA FINSOL PRIVATE LIMITED,435592,216.12
2026-07-01,BHARATSE,NSE,bulk,SELL,NK SECURITIES RESEARCH PRIVATE LIMITED,625107,216.22
2026-07-01,BHARATSE,NSE,bulk,SELL,QE SECURITIES LLP,357047,214.77
2026-07-01,BMLL,NSE,bulk,BUY,RATHOD MANOJ CHHAGANLAL HUF,45000,141.06
2026-07-01,BMLL,NSE,bulk,SELL,RATHOD MANOJ CHHAGANLAL HUF,67000,141.06
2026-07-01,CCDL,BSE,bulk,BUY,PLASTOMATIC PACKAGING PRIVATE LIMITED,2183609.0,1.18
2026-07-01,CCDL,BSE,bulk,SELL,PLASTOMATIC PACKAGING PRIVATE LIMITED,56517.0,1.23
2026-07-01,COLINZ,BSE,bulk,BUY,BIJAL KISHORCHANDRA MADHANI,15000.0,87.24
2026-07-01,COMSYN,NSE,bulk,BUY,ARIHANT CAPITAL MARKETS LIMITED,313922,172.53
2026-07-01,COMSYN,NSE,bulk,SELL,ARIHANT CAPITAL MARKETS LIMITED,286169,175.96
2026-07-01,CTL,BSE,bulk,SELL,UNINAV DEVELOPERS PVT LTD,700000.0,19.59
2026-07-01,DIVGIITTS,NSE,bulk,BUY,JUNOMONETA FINSOL PRIVATE LIMITED,197307,1025.35
2026-07-01,DIVGIITTS,NSE,bulk,SELL,JUNOMONETA FINSOL PRIVATE LIMITED,196102,1026.07
2026-07-01,DPL,BSE,bulk,SELL,HEMANT NARESH JAIN HUF,132000.0,5.89
2026-07-01,EEPL,NSE,bulk,BUY,VINOD SOMANI,100000,106.84
2026-07-01,FAALCON,BSE,bulk,SELL,MITEN BHARAT SHAH,74000.0,28.61
2026-07-01,FAIRCHEMOR,NSE,bulk,BUY,RAJASTHAN GLOBAL SECURITIES PVT LTD,35573,726.75
2026-07-01,FAIRCHEMOR,NSE,bulk,SELL,RAJASTHAN GLOBAL SECURITIES PVT LTD,80541,711.7
2026-07-01,FMEC,BSE,bulk,SELL,DHARABEN MUKESHBHAI PATEL,256531.0,11.14
2026-07-01,GEL,BSE,bulk,BUY,UNICORN FUND,126000.0,35.06
2026-07-01,GOCOLORS,NSE,bulk,BUY,RAMDOOT REALTORS PVT LTD,473378,418.42
2026-07-01,GOCOLORS,NSE,bulk,BUY,HRTI PRIVATE LIMITED,203463,410.34
2026-07-01,GOCOLORS,NSE,bulk,BUY,QE SECURITIES LLP,435403,412.81
2026-07-01,GOCOLORS,NSE,bulk,SELL,RAMDOOT REALTORS PVT LTD,506024,422.4
2026-07-01,GOCOLORS,NSE,bulk,SELL,HRTI PRIVATE LIMITED,315491,409.71
2026-07-01,GOCOLORS,NSE,bulk,SELL,QE SECURITIES LLP,484177,410.35
2026-07-01,JIVIAL,BSE,bulk,BUY,NEO APEX SHARE BROKING SERVICES LLP,150000.0,156.8
2026-07-01,JIVIAL,BSE,bulk,BUY,ASNANI STOCK BROKER PRIVATE LIMITED,102000.0,156.8
2026-07-01,JIVIAL,BSE,bulk,BUY,NEXUS GLOBAL OPPORTUNITIES FUND,106800.0,156.8
2026-07-01,JIVIAL,BSE,bulk,SELL,TEJAS AJITBHAI SHAH,127200.0,156.8
2026-07-01,JIVIAL,BSE,bulk,BUY,KRISHNA AWTAR KABRA,118200.0,156.8
2026-07-01,JIVIAL,BSE,bulk,BUY,VICKY RAJESH JHAVERI,31800.0,156.8
2026-07-01,JIVIAL,BSE,bulk,BUY,HARSHA RAJESHBHAI JHAVERI,31800.0,156.8
2026-07-01,KBSINDIA,BSE,bulk,BUY,SYNERGY MONEYCONTROL PRIVATE LIMITED,698334.0,1.46
2026-07-01,KBSINDIA,BSE,bulk,SELL,INVENTURE SEJAL REALTORS PRIVATE LIMITED,698334.0,1.46
2026-07-01,KONNDOR,BSE,bulk,SELL,MIDAS FLEXIPACKS PVT LTD,50000.0,21.57
2026-07-01,KONNDOR,BSE,bulk,BUY,ABHIJIT SURESH BANKAR,70000.0,21.57
2026-07-01,KPITTECH,NSE,bulk,BUY,GRAVITON RESEARCH CAPITAL LLP,2330544,566.87
2026-07-01,KPITTECH,NSE,bulk,SELL,GRAVITON RESEARCH CAPITAL LLP,2330544,567.15
2026-07-01,LAMOSAIC,NSE,bulk,BUY,KARAN BALVANTBHAI PATEL,160200,33.39
2026-07-01,LAMOSAIC,NSE,bulk,BUY,KUBER EQUITY SERVICES LLP,88800,33.3
2026-07-01,LAMOSAIC,NSE,bulk,SELL,VINOD JUTHALAL VISARIA,249600,33.36
2026-07-01,MAGSON,NSE,bulk,BUY,ORVANTA CORPORATION LLP,74000,172
2026-07-01,MARKOLINES,NSE,bulk,BUY,VISTAAR TRADING SERVICE PRIVATE LIMITED,135786,182.3
2026-07-01,MARKOLINES,NSE,bulk,SELL,VISTAAR TRADING SERVICE PRIVATE LIMITED,135786,182.5
2026-07-01,MOTISONS,NSE,bulk,BUY,ARIHANT CAPITAL MARKETS LIMITED,8120572,14.3
2026-07-01,MOTISONS,NSE,bulk,SELL,ARIHANT CAPITAL MARKETS LIMITED,6742765,14.27
2026-07-01,NARMADA,NSE,bulk,BUY,MSB E TRADE SECURITIES LIMITED,204884,36.76
2026-07-01,NARMADA,NSE,bulk,SELL,MSB E TRADE SECURITIES LIMITED,204884,36.93
2026-07-01,NOVUS,BSE,bulk,BUY,NEWTONLY PRIVATE LIMITED,150000.0,146.0
2026-07-01,ONTIC,BSE,bulk,SELL,AKALPYA INDIA EQUITY FUND,890980.0,2.01
2026-07-01,ONTIC,BSE,bulk,BUY,AKALPYA INDIA EQUITY FUND,251849.0,2.02
2026-07-01,ONTIC,BSE,bulk,BUY,NISHIL FINANCIAL ADVISORS LLP  .,123345.0,2.02
2026-07-01,ONTIC,BSE,bulk,BUY,KAPADIA FINWEALTH LLP  .,80550.0,2.01
2026-07-01,ONTIC,BSE,bulk,SELL,NISHIL FINANCIAL ADVISORS LLP  .,583438.0,2.01
2026-07-01,ONTIC,BSE,bulk,SELL,KAPADIA FINWEALTH LLP  .,661648.0,2.02
2026-07-01,ONTIC,BSE,bulk,SELL,SHARE INDIA SECURITIES LIMITED,4204.0,2.03
2026-07-01,ONTIC,BSE,bulk,BUY,SHARE INDIA SECURITIES LIMITED,504204.0,2.01
2026-07-01,OPTIFIN,BSE,bulk,SELL,AMNESTI MULTISERVICES PRIVATE LIMITED,485389.0,11.52
2026-07-01,PAISALO,NSE,bulk,BUY,PSL LIMITED,6500000,66.73
2026-07-01,PAISALO,NSE,bulk,SELL,PSL LIMITED,196305,70.92
2026-07-01,PFLINFOTC,BSE,bulk,SELL,UDAY R SHAH HUF,44011.0,4.39
2026-07-01,PORWAL,BSE,bulk,SELL,SHRENI SHARES LTD,56637.0,59.44
2026-07-01,PORWAL,BSE,bulk,BUY,SHRENI SHARES LTD,123946.0,56.63
2026-07-01,PRATIK,BSE,bulk,SELL,PRASHANT KANUBHAI MODI HUF,410000.0,6.05
2026-07-01,PRATIK,BSE,bulk,BUY,GAURAV VERMA,410000.0,6.05
2026-07-01,PULSRIN,BSE,bulk,SELL,SHARE INDIA SECURITIES LIMITED,3112309.0,0.53
2026-07-01,PULSRIN,BSE,bulk,BUY,SHARE INDIA SECURITIES LIMITED,2876465.0,0.53
2026-07-01,RAMBHAJO,NSE,bulk,BUY,HOLANI VENTURE CAPITAL FUND- I,370000,180.74
2026-07-01,RAMBHAJO,NSE,bulk,BUY,L7 HITECH PRIVATE LIMITED,3170000,188.86
2026-07-01,RAMCOSYS,NSE,bulk,BUY,HRTI PRIVATE LIMITED,480316,809.24
2026-07-01,RAMCOSYS,NSE,bulk,BUY,QE SECURITIES LLP,351096,813.53
2026-07-01,RAMCOSYS,NSE,bulk,BUY,JUNOMONETA FINSOL PRIVATE LIMITED,545207,811.78
2026-07-01,RAMCOSYS,NSE,bulk,SELL,QE SECURITIES LLP,344481,814.21
2026-07-01,RAMCOSYS,NSE,bulk,SELL,HRTI PRIVATE LIMITED,470926,811.65
2026-07-01,RAMCOSYS,NSE,bulk,SELL,JUNOMONETA FINSOL PRIVATE LIMITED,545130,812.06
2026-07-01,RITES,NSE,bulk,BUY,MICROCURVES TRADING PRIVATE LIMITED,3285568,231.17
2026-07-01,RITES,NSE,bulk,BUY,QE SECURITIES LLP,4530603,229.68
2026-07-01,RITES,NSE,bulk,BUY,JUMP TRADING FINANCIAL INDIA PRIVATE LIMITED,3248982,230.86
2026-07-01,RITES,NSE,bulk,BUY,NK SECURITIES RESEARCH PRIVATE LIMITED,3339294,229.58
2026-07-01,RITES,NSE,bulk,SELL,NK SECURITIES RESEARCH PRIVATE LIMITED,3339294,229.68
2026-07-01,RITES,NSE,bulk,SELL,JUMP TRADING FINANCIAL INDIA PRIVATE LIMITED,3248982,231.02
2026-07-01,RITES,NSE,bulk,SELL,QE SECURITIES LLP,4530508,229.22
2026-07-01,RITES,NSE,bulk,SELL,MICROCURVES TRADING PRIVATE LIMITED,3285568,231.31
2026-07-01,SAJHOTELS,NSE,bulk,SELL,REINA R JAISINGHANI,88000,31.37
2026-07-01,SAKSOFT,NSE,bulk,BUY,ELIXIR WEALTH MANAGEMENT PRIVATE LIMITED,1115603,208.48
2026-07-01,SAKSOFT,NSE,bulk,BUY,IRAGE BROKING SERVICES LLP,543126,208.8
2026-07-01,SAKSOFT,NSE,bulk,BUY,SHARE INDIA SECURITIES LIMITED,671612,201.63
2026-07-01,SAKSOFT,NSE,bulk,BUY,NK SECURITIES RESEARCH PRIVATE LIMITED,1749679,209.13
2026-07-01,SAKSOFT,NSE,bulk,BUY,CLT RESEARCH TECH PRIVATE LTD,757558,209.75
2026-07-01,SAKSOFT,NSE,bulk,BUY,QE SECURITIES LLP,1454026,210.71
2026-07-01,SAKSOFT,NSE,bulk,BUY,BLITZQUANT RESEARCH LLP,748726,211.67
2026-07-01,SAKSOFT,NSE,bulk,BUY,MICROCURVES TRADING PRIVATE LIMITED,2356619,210.25
2026-07-01,SAKSOFT,NSE,bulk,BUY,JUNOMONETA FINSOL PRIVATE LIMITED,4746203,209.79
2026-07-01,SAKSOFT,NSE,bulk,BUY,MARWADI SHARES AND FINANCE LTD.,671075,204.01
2026-07-01,SAKSOFT,NSE,bulk,BUY,HRTI PRIVATE LIMITED,2298001,209.77
2026-07-01,SAKSOFT,NSE,bulk,BUY,DIPAN MEHTA COMMODITIES PRIVATE LIMITED,773189,210.02
2026-07-01,SAKSOFT,NSE,bulk,SELL,NK SECURITIES RESEARCH PRIVATE LIMITED,1748279,209.26
2026-07-01,SAKSOFT,NSE,bulk,SELL,JUNOMONETA FINSOL PRIVATE LIMITED,4771282,209.89
2026-07-01,SAKSOFT,NSE,bulk,SELL,CLT RESEARCH TECH PRIVATE LTD,757558,209.8
2026-07-01,SAKSOFT,NSE,bulk,SELL,SHARE INDIA SECURITIES LIMITED,577639,201.78
2026-07-01,SAKSOFT,NSE,bulk,SELL,IRAGE BROKING SERVICES LLP,981007,209.82
2026-07-01,SAKSOFT,NSE,bulk,SELL,DIPAN MEHTA COMMODITIES PRIVATE LIMITED,770673,210.47
2026-07-01,SAKSOFT,NSE,bulk,SELL,MICROCURVES TRADING PRIVATE LIMITED,2356207,210.29
2026-07-01,SAKSOFT,NSE,bulk,SELL,HRTI PRIVATE LIMITED,2461904,210.68
2026-07-01,SAKSOFT,NSE,bulk,SELL,ELIXIR WEALTH MANAGEMENT PRIVATE LIMITED,1091075,209.32
2026-07-01,SAKSOFT,NSE,bulk,SELL,BLITZQUANT RESEARCH LLP,748718,211.76
2026-07-01,SAKSOFT,NSE,bulk,SELL,QE SECURITIES LLP,1454555,210.67
2026-07-01,SAKSOFT,NSE,bulk,SELL,MARWADI SHARES AND FINANCE LTD.,671075,211.71
2026-07-01,SAKSOFT,BSE,bulk,BUY,IRAGE BROKING SERVICES LLP,786123.0,209.5
2026-07-01,SAKSOFT,BSE,bulk,SELL,IRAGE BROKING SERVICES LLP,348242.0,208.02
2026-07-01,SCPL,NSE,bulk,BUY,UPMOVE FINANCIAL TECHNOLOGIES SERVICES,72872,532.68
2026-07-01,SHANTIGOLD,NSE,bulk,BUY,ARIHANT CAPITAL MARKETS LIMITED,292935,222.64
2026-07-01,SHANTIGOLD,NSE,bulk,SELL,ARIHANT CAPITAL MARKETS LIMITED,405304,221.55
2026-07-01,SHREEDHAR,NSE,bulk,BUY,DHAN CREATORS AND INVESTMENTS,110000,54.59
2026-07-01,SHREEDHAR,NSE,bulk,BUY,EXCELLENT SHARES AND FINANCE SERVICES PRIVATE LIMITED,400000,54.4
2026-07-01,SHREEDHAR,NSE,bulk,BUY,UJIN PHARMA LIMITED,550000,54.4
2026-07-01,SHREEDHAR,NSE,bulk,BUY,MANSI SHARE AND STOCK BROKING PRIVATE LIMITED,894000,54.98
2026-07-01,SHREEDHAR,NSE,bulk,SELL,31 DEGREES NORTH GROWTH FUND,150000,54.4
2026-07-01,SHREEDHAR,NSE,bulk,SELL,31 DEGREES NORTH FUND I,150000,54.4
2026-07-01,SHREEDHAR,NSE,bulk,SELL,31 DEGREES NORTH INDIA OPPORTUNITIES FUND,152000,54.4
2026-07-01,SHREEDHAR,NSE,bulk,SELL,KUBER INDIA OPPORTUNITY FUND,152000,54.4
2026-07-01,SHREEDHAR,NSE,bulk,SELL,MONEYWISE FINANCIAL SERVICES PRIVATE LTD,160000,54.8
2026-07-01,SIGNPOST,NSE,bulk,BUY,MICROCURVES TRADING PRIVATE LIMITED,606005,307.14
2026-07-01,SIGNPOST,NSE,bulk,BUY,NK SECURITIES RESEARCH PRIVATE LIMITED,624405,306.59
2026-07-01,SIGNPOST,NSE,bulk,BUY,QE SECURITIES LLP,441208,307
2026-07-01,SIGNPOST,NSE,bulk,BUY,ALPHAGREP SECURITIES PRIVATE LIMITED,299747,306.36
2026-07-01,SIGNPOST,NSE,bulk,BUY,JUNOMONETA FINSOL PRIVATE LIMITED,433717,306.79
2026-07-01,SIGNPOST,NSE,bulk,SELL,ALPHAGREP SECURITIES PRIVATE LIMITED,299747,306.93
2026-07-01,SIGNPOST,NSE,bulk,SELL,NK SECURITIES RESEARCH PRIVATE LIMITED,624405,306.78
2026-07-01,SIGNPOST,NSE,bulk,SELL,JUNOMONETA FINSOL PRIVATE LIMITED,429747,306.99
2026-07-01,SIGNPOST,NSE,bulk,SELL,MICROCURVES TRADING PRIVATE LIMITED,606005,307.3
2026-07-01,SIGNPOST,NSE,bulk,SELL,QE SECURITIES LLP,432420,307.13
2026-07-01,SUJALA,BSE,bulk,BUY,MSB E TRADE SECURITIES LIMITED,33726.0,17.32
2026-07-01,SUJALA,BSE,bulk,SELL,MSB E TRADE SECURITIES LIMITED,16410.0,17.04
2026-07-01,TEJASSVI,BSE,bulk,SELL,JOHN AMIRTHARAJ HENRY,50001.0,49.0
2026-07-01,TEJASSVI,BSE,bulk,BUY,VIJAY  HINDUJA,48593.0,49.49
2026-07-01,VASHISHTHA,BSE,bulk,BUY,SATYA PRAKASH MITTAL,15600.0,58.29
2026-07-01,VASHISHTHA,BSE,bulk,SELL,ELANKUMARAN PERIAKARUPPAN,25200.0,57.79
2026-07-01,VERTEXPLUS,NSE,bulk,BUY,SWARN LATA,44400,43.05
2026-07-01,VERTEXPLUS,NSE,bulk,SELL,SAMBHAVNATH INVESTMENTS AND FINANCES PRIVATE LIMITED,45600,43.05
2026-07-01,VIPULLTD,NSE,bulk,BUY,RATHOD MANOJ CHHAGANLAL HUF,391565,14.85
2026-07-01,VIPULLTD,NSE,bulk,SELL,RATHOD MANOJ CHHAGANLAL HUF,724473,14.88
2026-07-02,AANCHALISP,BSE,bulk,BUY,S K MERCANTILE CREDIT PRIVATE LIMITED,30000.0,114.1
2026-07-02,AANCHALISP,BSE,bulk,BUY,PRITESH PRAVIN VORA,24766.0,114.1
2026-07-02,ACETEC,NSE,bulk,BUY,DILIP RAMANLAL DOSHI,82800,118
2026-07-02,ACETEC,NSE,bulk,SELL,TIRUPATI TRADING,84000,118
2026-07-02,ADFFOODS,NSE,bulk,BUY,QE SECURITIES LLP,609869,325.42
2026-07-02,ADFFOODS,NSE,bulk,SELL,QE SECURITIES LLP,585106,336.37
2026-07-02,AQYLON,NSE,bulk,BUY,PLASTOMATIC PACKAGING PRIVATE LIMITED,1288024,43
2026-07-02,AQYLON,NSE,bulk,SELL,PLASTOMATIC PACKAGING PRIVATE LIMITED,8024,43.04
2026-07-02,ARMAN,BSE,bulk,SELL,VIVEK KUMAR UPADHYAY,32575.0,109.46
2026-07-02,ARYAVAN,BSE,bulk,BUY,PR ENERGY AND MINCHEM PRIVATE LIMITED,50000.0,50.12
2026-07-02,ATALREAL,NSE,bulk,BUY,ALTIZEN VENTURES LLP,382500,28.13
2026-07-02,ATALREAL,NSE,bulk,BUY,NIRAJ RAJNIKANT SHAH,1800000,28.4
2026-07-02,ATALREAL,NSE,bulk,BUY,ACME CAPITAL MARKET LIMITED,1754081,28.09
2026-07-02,ATALREAL,NSE,bulk,BUY,MANISH N THAKUR,1905000,28.37
2026-07-02,ATALREAL,NSE,bulk,SELL,MANISH N THAKUR,155000,28.36
2026-07-02,ATALREAL,NSE,bulk,SELL,VISHAL MAHESH WAGHELA,1586962,28.4
2026-07-02,ATALREAL,NSE,bulk,SELL,VANITA SANJAY BANSAL,1150000,28.1
2026-07-02,ATALREAL,NSE,bulk,SELL,ALTIZEN VENTURES LLP,738988,28.37
2026-07-02,ATALREAL,NSE,bulk,SELL,ACME CAPITAL MARKET LIMITED,1754081,28.35
2026-07-02,AWL,BSE,bulk,SELL,AUSTRALIANSUPER,16504965.0,180.14
2026-07-02,AWL,BSE,bulk,BUY,ICICI PRUDENTIAL MUTUAL FUND,13000000.0,180.1
2026-07-02,BHARATSE,NSE,bulk,BUY,JUNOMONETA FINSOL PRIVATE LIMITED,1369092,239.83
2026-07-02,BHARATSE,NSE,bulk,BUY,ALPHAGREP SECURITIES PRIVATE LIMITED,442004,239.38
2026-07-02,BHARATSE,NSE,bulk,BUY,QE SECURITIES LLP,632495,239.64
2026-07-02,BHARATSE,NSE,bulk,BUY,NK SECURITIES RESEARCH PRIVATE LIMITED,561627,240.04
2026-07-02,BHARATSE,NSE,bulk,BUY,MICROCURVES TRADING PRIVATE LIMITED,835668,239.84
2026-07-02,BHARATSE,NSE,bulk,SELL,NK SECURITIES RESEARCH PRIVATE LIMITED,561627,240.13
2026-07-02,BHARATSE,NSE,bulk,SELL,MICROCURVES TRADING PRIVATE LIMITED,835668,239.99
2026-07-02,BHARATSE,NSE,bulk,SELL,ALPHAGREP SECURITIES PRIVATE LIMITED,442004,239.69
2026-07-02,BHARATSE,NSE,bulk,SELL,QE SECURITIES LLP,620386,239.74
2026-07-02,BHARATSE,NSE,bulk,SELL,JUNOMONETA FINSOL PRIVATE LIMITED,1384684,239.92
2026-07-02,BHUDEVI,BSE,bulk,SELL,JAYESH RAMNIKLAL MODI,33163.0,214.84
2026-07-02,BMLL,NSE,bulk,BUY,RATHOD MANOJ CHHAGANLAL HUF,81000,139.92
2026-07-02,BMLL,NSE,bulk,BUY,ALOK  KUMAR,80000,140
2026-07-02,BMLL,NSE,bulk,SELL,RATHOD MANOJ CHHAGANLAL HUF,108000,140
2026-07-02,CANTABIL,NSE,bulk,SELL,THINK INDIA OPPORTUNITIES MASTER FUND LP,900000,252
2026-07-02,CLSL,NSE,bulk,BUY,CHUNILAL SAMAJUBHAI VIROLIA,480000,42.97
2026-07-02,CLSL,NSE,bulk,SELL,RAJESHKUMAR VRAJLAL LUNAGARIYA,176000,42.5
2026-07-02,CLSL,NSE,bulk,SELL,SUMITA R LUNAGARIYA,112000,44.5
2026-07-02,CLSL,NSE,bulk,SELL,VIJYAGAURI ASHVINKUMAR LUNAGARIA,192000,42.5
2026-07-02,COMSYN,NSE,bulk,BUY,ARIHANT CAPITAL MARKETS LIMITED,586545,179.98
2026-07-02,COMSYN,NSE,bulk,SELL,ARIHANT CAPITAL MARKETS LIMITED,613970,184.73
2026-07-02,CONTROLPR,NSE,bulk,BUY,SILVERLEAF CAPITAL SERVICES PRIVATE LIMITED,85999,712.14
2026-07-02,CONTROLPR,NSE,bulk,BUY,BLITZQUANT RESEARCH LLP,141789,713.16
2026-07-02,CONTROLPR,NSE,bulk,BUY,QE SECURITIES LLP,80801,712.95
2026-07-02,CONTROLPR,NSE,bulk,BUY,GRT STRATEGIC VENTURES LLP,87582,711.49
2026-07-02,CONTROLPR,NSE,bulk,BUY,NK SECURITIES RESEARCH PRIVATE LIMITED,229833,711.7
2026-07-02,CONTROLPR,NSE,bulk,SELL,BLITZQUANT RESEARCH LLP,141789,713.61
2026-07-02,CONTROLPR,NSE,bulk,SELL,NK SECURITIES RESEARCH PRIVATE LIMITED,229833,712.36
2026-07-02,CONTROLPR,NSE,bulk,SELL,GRT STRATEGIC VENTURES LLP,87582,711.96
2026-07-02,CONTROLPR,NSE,bulk,SELL,QE SECURITIES LLP,81074,714.24
2026-07-02,CONTROLPR,NSE,bulk,SELL,SILVERLEAF CAPITAL SERVICES PRIVATE LIMITED,85999,713.25
2026-07-02,DHANLAXMI,NSE,bulk,SELL,YUGA  DOSHI,84000,28.43
2026-07-02,DHYAANITR,BSE,bulk,BUY,KRISHNA TRADE FINANCE,86800.0,5.41
2026-07-02,DHYAANITR,BSE,bulk,BUY,ZEEL SANJAY SONI,134400.0,5.44
2026-07-02,DHYAANITR,BSE,bulk,SELL,KRISHNA TRADE FINANCE,30800.0,5.38
2026-07-02,DHYAANITR,BSE,bulk,BUY,ARUN KOCHAR & SONS (HUF),56000.0,5.39
2026-07-02,DHYAANITR,BSE,bulk,SELL,ARUN KOCHAR & SONS (HUF),112000.0,5.39
2026-07-02,DITCO,BSE,bulk,SELL,GRID TRADING PRIVATE LIMITED,20003.0,11.95
2026-07-02,DITCO,BSE,bulk,BUY,SHASHANK  CHOUDHARY,20495.0,11.95
2026-07-02,DPEL,NSE,bulk,BUY,NEPTUNE FABRICS PRIVATE LIMITED,130000,451.55
2026-07-02,DPEL,NSE,bulk,BUY,MANISH GARG,131000,451.55
2026-07-02,DPEL,NSE,bulk,SELL,JITENDRA UJAMSI MAMTORA,827500,451.62
2026-07-02,EEPL,NSE,bulk,BUY,VINOD SOMANI,30000,126.09
2026-07-02,EEPL,NSE,bulk,SELL,VINOD SOMANI,80000,120.73
2026-07-02,EMPOWER,NSE,bulk,BUY,AVANCE VENTURES PRIVATE LIMITED,7613276,2.38
2026-07-02,EMPOWER,NSE,bulk,SELL,AVANCE VENTURES PRIVATE LIMITED,438446,2.35
2026-07-02,EXCELSOFT,NSE,bulk,BUY,SILVERLEAF CAPITAL SERVICES PRIVATE LIMITED,579329,82.97
2026-07-02,EXCELSOFT,NSE,bulk,SELL,SILVERLEAF CAPITAL SERVICES PRIVATE LIMITED,579329,83.12
2026-07-02,GCSL,NSE,bulk,BUY,MANSUKH SECURITIES & FINANCE LIMITED,200655,448.4
2026-07-02,GCSL,NSE,bulk,BUY,L7 HITECH PRIVATE LIMITED,248926,459.33
2026-07-02,GCSL,NSE,bulk,BUY,HRTI PRIVATE LIMITED,199380,450.87
2026-07-02,GCSL,NSE,bulk,BUY,RAVI AMIT JALAN,200000,450.75
2026-07-02,GCSL,NSE,bulk,SELL,MANSUKH SECURITIES & FINANCE LIMITED,363504,446.59
2026-07-02,GCSL,NSE,bulk,SELL,HRTI PRIVATE LIMITED,57219,446.42
2026-07-02,GCSL,NSE,bulk,SELL,L7 HITECH PRIVATE LIMITED,223263,449.04
2026-07-02,HEERAISP,BSE,bulk,BUY,N L RUNGTA (HUF),31000.0,6.27
2026-07-02,HEERAISP,BSE,bulk,SELL,PUSHKAR VINAYAK DATE,52500.0,6.27
2026-07-02,HEXAGON,NSE,bulk,BUY,MATHISYS QUANTCAP LLP,683592,68.8
2026-07-02,HEXAGON,NSE,bulk,SELL,MATHISYS QUANTCAP LLP,672615,68.56
2026-07-02,IKIO,NSE,bulk,BUY,SILVERLEAF CAPITAL SERVICES PRIVATE LIMITED,453634,171.55
2026-07-02,IKIO,NSE,bulk,BUY,NK SECURITIES RESEARCH PRIVATE LIMITED,491888,170.64
2026-07-02,IKIO,NSE,bulk,SELL,SILVERLEAF CAPITAL SERVICES PRIVATE LIMITED,453634,171.55
2026-07-02,IKIO,NSE,bulk,SELL,NK SECURITIES RESEARCH PRIVATE LIMITED,491888,170.76
2026-07-02,KASTURI,BSE,bulk,BUY,SGJ CAPITAL ADVISORS PRIVATE LIMITED,52000.0,53.52
2026-07-02,KPITTECH,NSE,bulk,BUY,GRAVITON RESEARCH CAPITAL LLP,1403742,561.35
2026-07-02,KPITTECH,NSE,bulk,SELL,GRAVITON RESEARCH CAPITAL LLP,1403742,561.65
2026-07-02,KSHITIJPOL,NSE,bulk,BUY,BHAVISHYA ECOMMERCE PRIVATE LIMITED,717420,3.84
2026-07-02,KSHITIJPOL,NSE,bulk,SELL,POTENTIAL ELECTRICALS AND ELECTRONICS PRIVATE LIMITED,6000000,3.93
2026-07-02,KSHITIJPOL,NSE,bulk,SELL,BHAVISHYA ECOMMERCE PRIVATE LIMITED,1905729,3.93
2026-07-02,KSHITIJPOL,NSE,bulk,SELL,GOUTAM  BHOWMICK,800000,3.93
2026-07-02,LAMOSAIC,NSE,bulk,BUY,MAHESH MULCHAND WAGHELA,150000,33.5
2026-07-02,LAMOSAIC,NSE,bulk,BUY,TIRTH BHAVESH SHAH,78000,33.5
2026-07-02,LAMOSAIC,NSE,bulk,SELL,KESAR TRACOM INDIA LLP,149400,33.5
2026-07-02,LAMOSAIC,NSE,bulk,SELL,VIKAS RAMESH MEHTA,99600,33.52
2026-07-02,MADHUSUDAN,NSE,bulk,BUY,VSPARTANS CONSULTANTS PRIVATE LIMITED,150000,222.08
2026-07-02,MADHUSUDAN,NSE,bulk,SELL,COMPACT STRUCTURE FUND,302000,220.44
2026-07-02,MANCREDIT,NSE,bulk,BUY,BULLPULSE MARKETEDGE PRIVATE LIMITED,278053,240.13
2026-07-02,MANCREDIT,NSE,bulk,BUY,CHAUBARA EATS PRIVATE LIMITED,134608,239.02
2026-07-02,MANCREDIT,NSE,bulk,SELL,CHAUBARA EATS PRIVATE LIMITED,134608,240.31
2026-07-02,MANCREDIT,NSE,bulk,SELL,BULLPULSE MARKETEDGE PRIVATE LIMITED,279014,241.19
2026-07-02,MAPROIN,BSE,bulk,SELL,HEMSTAR REALTY PRIVATE LIMITED,125000.0,27.53
2026-07-02,MARKOLINES,NSE,bulk,BUY,HI KLASS TRADING & INVESTMENT LIMITED,161383,187.99
2026-07-02,MARKOLINES,NSE,bulk,BUY,VISTAAR TRADING SERVICE PRIVATE LIMITED,182773,187.33
2026-07-02,MARKOLINES,NSE,bulk,SELL,VISTAAR TRADING SERVICE PRIVATE LIMITED,182773,187.6
2026-07-02,MARKOLINES,NSE,bulk,SELL,HI KLASS TRADING & INVESTMENT LIMITED,158941,188.02
2026-07-02,NAPL,BSE,bulk,SELL,SIVA DHARMA TEJA YADLAPALLI,50000.0,196.5
2026-07-02,NMSGLOBAL,BSE,bulk,BUY,VASIMKHAN THAKOR,24460.0,81.87
2026-07-02,NMSGLOBAL,BSE,bulk,BUY,MSB E TRADE SECURITIES LIMITED,16385.0,85.11
2026-07-02,NMSGLOBAL,BSE,bulk,SELL,GILANI INFRA PRIVATE LIMITED,32899.0,85.82
2026-07-02,NMSGLOBAL,BSE,bulk,SELL,MSB E TRADE SECURITIES LIMITED,17598.0,81.66
2026-07-02,ONTIC,BSE,bulk,SELL,DEEPAL PRAVINKUMAR SHAH,613100.0,2.0
2026-07-02,ONTIC,BSE,bulk,SELL,AKALPYA INDIA EQUITY FUND,515688.0,2.05
2026-07-02,ONTIC,BSE,bulk,BUY,AKALPYA INDIA EQUITY FUND,1131743.0,2.09
2026-07-02,ONTIC,BSE,bulk,SELL,NISHIL FINANCIAL ADVISORS LLP  .,770500.0,2.01
2026-07-02,ONTIC,BSE,bulk,SELL,KAPADIA FINWEALTH LLP  .,62716.0,2.1
2026-07-02,ONTIC,BSE,bulk,BUY,NISHIL FINANCIAL ADVISORS LLP  .,456784.0,2.08
2026-07-02,ONTIC,BSE,bulk,BUY,KAPADIA FINWEALTH LLP  .,1548245.0,2.08
2026-07-02,ONTIC,BSE,bulk,SELL,SHARE INDIA SECURITIES LIMITED,1137685.0,2.1
2026-07-02,ONTIC,BSE,bulk,BUY,SHARE INDIA SECURITIES LIMITED,637685.0,2.03
2026-07-02,ORIENTTECH,NSE,bulk,BUY,NK SECURITIES RESEARCH PRIVATE LIMITED,399744,269.74
2026-07-02,ORIENTTECH,NSE,bulk,BUY,JUNOMONETA FINSOL PRIVATE LIMITED,238174,270.58
2026-07-02,ORIENTTECH,NSE,bulk,BUY,QE SECURITIES LLP,247188,270.92
2026-07-02,ORIENTTECH,NSE,bulk,SELL,NK SECURITIES RESEARCH PRIVATE LIMITED,399744,269.94
2026-07-02,ORIENTTECH,NSE,bulk,SELL,QE SECURITIES LLP,244834,271.84
2026-07-02,ORIENTTECH,NSE,bulk,SELL,JUNOMONETA FINSOL PRIVATE LIMITED,238276,270.74
2026-07-02,PORWAL,BSE,bulk,SELL,SHRENI SHARES LTD,90187.0,58.3
2026-07-02,PORWAL,BSE,bulk,BUY,SHRENI SHARES LTD,22878.0,58.95
2026-07-02,PPSL,NSE,bulk,BUY,YOGIRAJ  BAGGA,168000,3.3
2026-07-02,PPSL,NSE,bulk,SELL,DEEPA SHAILENDRA CHANDGOTHIA,279000,3.3
2026-07-02,PPSL,NSE,bulk,SELL,YOGIRAJ  BAGGA,9000,3.3
2026-07-02,PRAKASH,BSE,bulk,BUY,BADJATE STOCK BROKING PRIVATE LIMITED,897748.0,139.11
2026-07-02,PRAKASH,BSE,bulk,SELL,MARWADI CHANDARANA INTERMEDIARIES BROKERS PRIVATE LIMITED,897823.0,139.11
2026-07-02,RAMCOSYS,NSE,bulk,BUY,JUNOMONETA FINSOL PRIVATE LIMITED,883440,796.18
2026-07-02,RAMCOSYS,NSE,bulk,BUY,HRTI PRIVATE LIMITED,515600,789.9
2026-07-02,RAMCOSYS,NSE,bulk,BUY,QE SECURITIES LLP,359293,788.56
2026-07-02,RAMCOSYS,NSE,bulk,SELL,QE SECURITIES LLP,359908,794.16
2026-07-02,RAMCOSYS,NSE,bulk,SELL,JUNOMONETA FINSOL PRIVATE LIMITED,881946,796.57
2026-07-02,RAMCOSYS,NSE,bulk,SELL,HRTI PRIVATE LIMITED,509029,795.26
2026-07-02,RHIM,NSE,bulk,BUY,MICROCURVES TRADING PRIVATE LIMITED,2466277,422.37
2026-07-02,RHIM,NSE,bulk,BUY,QE SECURITIES LLP,1977430,424.31
2026-07-02,RHIM,NSE,bulk,BUY,GRAVITON RESEARCH CAPITAL LLP,1047962,420.34
2026-07-02,RHIM,NSE,bulk,BUY,NK SECURITIES RESEARCH PRIVATE LIMITED,1128665,424.57
2026-07-02,RHIM,NSE,bulk,BUY,JUNOMONETA FINSOL PRIVATE LIMITED,1982288,421.49
2026-07-02,RHIM,NSE,bulk,SELL,QE SECURITIES LLP,1966006,418.98
2026-07-02,RHIM,NSE,bulk,SELL,GRAVITON RESEARCH CAPITAL LLP,1047962,420.88
2026-07-02,RHIM,NSE,bulk,SELL,NK SECURITIES RESEARCH PRIVATE LIMITED,1128665,424.73
2026-07-02,RHIM,NSE,bulk,SELL,MICROCURVES TRADING PRIVATE LIMITED,2466277,422.58
2026-07-02,RHIM,NSE,bulk,SELL,JUNOMONETA FINSOL PRIVATE LIMITED,1976545,421.69
2026-07-02,RTL,NSE,bulk,BUY,KARNIKA INDUSTRIES LIMITED,28000,76.25
2026-07-02,RTL,NSE,bulk,SELL,KARNIKA INDUSTRIES LIMITED,74000,73
2026-07-02,SAIPARENT,NSE,bulk,BUY,HRTI PRIVATE LIMITED,105392,639.68
2026-07-02,SAIPARENT,NSE,bulk,SELL,HRTI PRIVATE LIMITED,226834,637.95
2026-07-02,SAJHOTELS,NSE,bulk,BUY,GUNVANT CHIMANLAL GOPANI,100000,32.94
2026-07-02,SAJHOTELS,NSE,bulk,SELL,REINA R JAISINGHANI,100000,32.06
2026-07-02,SAKSOFT,NSE,bulk,BUY,HRTI PRIVATE LIMITED,937947,181.25
2026-07-02,SAKSOFT,NSE,bulk,BUY,JUNOMONETA FINSOL PRIVATE LIMITED,1497215,184.33
2026-07-02,SAKSOFT,NSE,bulk,SELL,HRTI PRIVATE LIMITED,1109315,182.4
2026-07-02,SAKSOFT,NSE,bulk,SELL,JUNOMONETA FINSOL PRIVATE LIMITED,1501749,184.38
2026-07-02,SAMYAKINT,BSE,bulk,SELL,SUNIL KUMAR TRIVEDI,40799.0,16.85
2026-07-02,SIGNPOST,NSE,bulk,BUY,HRTI PRIVATE LIMITED,313870,304.08
2026-07-02,SIGNPOST,NSE,bulk,BUY,JUNOMONETA FINSOL PRIVATE LIMITED,268498,305.07
2026-07-02,SIGNPOST,NSE,bulk,SELL,HRTI PRIVATE LIMITED,265335,305.47
2026-07-02,SIGNPOST,NSE,bulk,SELL,JUNOMONETA FINSOL PRIVATE LIMITED,265505,305.32
2026-07-02,SIIL,BSE,bulk,SELL,SANJAY GARG,70000.0,11.08
2026-07-02,SRESTHA,BSE,bulk,BUY,SAROJ KUMAR KUNDU,9190919.0,0.29
2026-07-02,SSFLPP,NSE,bulk,SELL,VALIANT INDIA OPPORTUNITIES LTD,162825,133.45
2026-07-02,SUJALA,BSE,bulk,SELL,DANIEL,42475.0,16.92
2026-07-02,SVJ,BSE,bulk,BUY,JR SEAMLESS PRIVATE LIMITED,36750.0,195.35
2026-07-02,TEJASSVI,BSE,bulk,SELL,GOVINDARAJULU  BAKTHAVATSALU,49000.0,51.0
2026-07-02,TEJASSVI,BSE,bulk,SELL,JOHN AMIRTHARAJ HENRY,50000.0,51.0
2026-07-02,TEJASSVI,BSE,bulk,BUY,RAMENDRA PRATAP SINGH,99035.0,51.0
2026-07-02,TEXELIN,BSE,bulk,SELL,PRIYANKA AMEY BELORKAR,70000.0,81.0
2026-07-02,TIPCO,BSE,bulk,SELL,EXCELLENT SHARES AND FINANCE SERVICES PRIVATE LIMITED,102400.0,182.12
2026-07-02,TIPCO,BSE,bulk,BUY,EXCELLENT SHARES AND FINANCE SERVICES PRIVATE LIMITED,249600.0,176.0
2026-07-02,TIPCO,BSE,bulk,BUY,MANSI SHARE AND STOCK BROKING PRIVATE LIMITED,275200.0,176.55
2026-07-02,TIPCO,BSE,bulk,SELL,MARWADI CHANDARANA INTERMEDIARIES BROKERS PRIVATE LIMITED,856000.0,176.09
2026-07-02,TRIOMERC,BSE,bulk,BUY,NUTAN NITIN LODAYA,388627.0,1.95
2026-07-02,UHMVL,BSE,bulk,BUY,DIPTIBEN MUKESHBHAI PATEL,38400.0,48.94
2026-07-02,UHMVL,BSE,bulk,SELL,DIPTIBEN MUKESHBHAI PATEL,20800.0,49.15
2026-07-02,UHMVL,BSE,bulk,SELL,MANSI SHARE AND STOCK BROKING PRIVATE LIMITED,40000.0,46.99
2026-07-02,UML,BSE,bulk,SELL,ASCENT WEALTH,170000.0,51.94
2026-07-02,UML,BSE,bulk,BUY,DIPMAHESHKUMARVASANI,120000.0,51.5
2026-07-02,URAVIDEF,NSE,bulk,BUY,INDRA KIRAN VENTURES,70000,140.54
2026-07-02,URAVIDEF,NSE,bulk,SELL,INDRA KIRAN VENTURES,29748,142.61
2026-07-02,VISVEN,BSE,bulk,BUY,KIRAN JIVANDAS GOKALGANDHI,17262.0,37.06
2026-07-02,VISVEN,BSE,bulk,SELL,AJAYKUMARTULSIBHAIVIRADIYA(HUF),38181.0,37.02
2026-07-02,ZENSARTECH,NSE,bulk,BUY,JUNOMONETA FINSOL PRIVATE LIMITED,1147886,469.77
2026-07-02,ZENSARTECH,NSE,bulk,BUY,NK SECURITIES RESEARCH PRIVATE LIMITED,1522445,469.38
2026-07-02,ZENSARTECH,NSE,bulk,BUY,QE SECURITIES LLP,1442342,470.12
2026-07-02,ZENSARTECH,NSE,bulk,SELL,QE SECURITIES LLP,1445776,469.49
2026-07-02,ZENSARTECH,NSE,bulk,SELL,JUNOMONETA FINSOL PRIVATE LIMITED,1151634,470.1
2026-07-02,ZENSARTECH,NSE,bulk,SELL,NK SECURITIES RESEARCH PRIVATE LIMITED,1522445,469.58
2026-07-15,JLHL,BSE,block,BUY,HDFC MUTUAL FUND,337000.0,1483.5
2026-07-15,JLHL,BSE,block,BUY,HDFC MUTUAL FUND,600000.0,1483.5
2026-07-15,JLHL,BSE,block,SELL,ARVIND RAO RAO KAMINI,337000.0,1483.5
2026-07-15,JLHL,BSE,block,SELL,MITUL NITIN THAKKER,600000.0,1483.5
2026-07-21,AASTHA,NSE,bulk,BUY,NEO APEX SHARE BROKING SERVICES LLP,332651,129.06
2026-07-21,AASTHA,NSE,bulk,BUY,MARWADI CHANDARANA INTERMEDIARIES BROKERS PRIVATE LIMITED,665000,129.06
2026-07-21,AASTHA,NSE,bulk,BUY,HRTI PRIVATE LIMITED,1046873,128.23
2026-07-21,AASTHA,NSE,bulk,BUY,RIDDHI SIDDHI INTERNATIONAL,252475,129.05
2026-07-21,AASTHA,NSE,bulk,BUY,JAGID VANITABEN RAJENDRAPRASAD,951012,128.85
2026-07-21,AASTHA,NSE,bulk,BUY,MANDAKINIBEN PRADYUMANBHAI PATEL,128000,129.06
2026-07-21,AASTHA,NSE,bulk,BUY,MANSI SHARE AND STOCK BROKING PRIVATE LIMITED,900080,127.33
2026-07-21,AASTHA,NSE,bulk,BUY,SETU SECURITIES PVT LTD,250010,129.06
2026-07-21,AASTHA,NSE,bulk,BUY,RATHOD DIGVIJAYSINH RAJENDRASINH,1057983,127.2
2026-07-21,AASTHA,NSE,bulk,BUY,L7 HITECH PRIVATE LIMITED,300000,129.04
2026-07-21,AASTHA,NSE,bulk,BUY,MILLENNIUM STOCK BROKING PVT LTD,1269195,129.06
2026-07-21,AASTHA,NSE,bulk,SELL,MARWADI CHANDARANA INTERMEDIARIES BROKERS PRIVATE LIMITED,35511,129.06
2026-07-21,AASTHA,NSE,bulk,SELL,RATHOD DIGVIJAYSINH RAJENDRASINH,1269983,129.06
2026-07-21,AASTHA,NSE,bulk,SELL,MANDAKINIBEN PRADYUMANBHAI PATEL,335008,129.06
2026-07-21,AASTHA,NSE,bulk,SELL,RIDDHI SIDDHI INTERNATIONAL,552475,129.06
2026-07-21,AASTHA,NSE,bulk,SELL,HRTI PRIVATE LIMITED,1081900,127.25
2026-07-21,AASTHA,NSE,bulk,SELL,L7 HITECH PRIVATE LIMITED,737846,129.06
2026-07-21,AASTHA,NSE,bulk,SELL,SETU SECURITIES PVT LTD,150000,129.06
2026-07-21,AASTHA,NSE,bulk,SELL,MANSI SHARE AND STOCK BROKING PRIVATE LIMITED,1091371,128.83
2026-07-21,AASTHA,NSE,bulk,SELL,MILLENNIUM STOCK BROKING PVT LTD,220,129.01
2026-07-21,AASTHA,NSE,bulk,SELL,NEO APEX SHARE BROKING SERVICES LLP,250050,129.04
2026-07-21,AASTHA,NSE,bulk,SELL,JAGID VANITABEN RAJENDRAPRASAD,1961012,129.06
2026-07-21,AASTHA,BSE,bulk,BUY,HRTI PRIVATE LIMITED,861252.0,128.73
2026-07-21,AASTHA,BSE,bulk,SELL,HRTI PRIVATE LIMITED,821796.0,129.02
2026-07-21,AASTHA,BSE,bulk,BUY,RIDDHI SIDDHI INTERNATIONAL,300000.0,129.05
2026-07-21,AASTHA,BSE,bulk,BUY,RATHOD DIGVIJAYSINH RAJENDRASINH,384145.0,129.1
2026-07-21,AASTHA,BSE,bulk,BUY,MANDAKINIBEN PRADYUMANBHAI PATEL,257000.0,129.35
2026-07-21,AASTHA,BSE,bulk,BUY,L7 HITECH PRIVATE LIMITED,465000.0,129.12
2026-07-21,AASTHA,BSE,bulk,SELL,L7 HITECH PRIVATE LIMITED,570.0,129.1
2026-07-21,AASTHA,BSE,bulk,BUY,MILLENNIUM STOCK BROKING PVT LTD,2760.0,128.95
2026-07-21,AASTHA,BSE,bulk,SELL,MILLENNIUM STOCK BROKING PVT LTD,1271735.0,129.16
2026-07-21,AASTHA,BSE,bulk,BUY,MARWADI CHANDARANA INTERMEDIARIES BROKERS PRIVATE LIMITED,22709.0,129.16
2026-07-21,AASTHA,BSE,bulk,SELL,MARWADI CHANDARANA INTERMEDIARIES BROKERS PRIVATE LIMITED,620709.0,129.29
2026-07-21,AASTHA,BSE,bulk,BUY,JAGID VANITABEN RAJENDRAPRASAD,1010000.0,129.23
2026-07-21,AGIIL,NSE,bulk,BUY,ARIHANT CAPITAL MARKETS LIMITED,630371,332.39
2026-07-21,AGIIL,NSE,bulk,SELL,ARIHANT CAPITAL MARKETS LIMITED,514660,333.11
2026-07-21,ALPINETEX,NSE,bulk,BUY,MADHAV STOCK VISION PVT LTD,300000,105
2026-07-21,ALPINETEX,NSE,bulk,BUY,LONGTHRIVE CAPITAL VCC - TRENDVIEW CAPITAL FUND,235000,105
2026-07-21,ARHAM,NSE,bulk,BUY,MANSI SHARE AND STOCK BROKING PRIVATE LIMITED,110000,149.75
2026-07-21,ARHAM,NSE,bulk,BUY,CAPRI GLOBAL VENTURES PRIVATE LIMITED,250000,150.49
2026-07-21,ASPIRA,BSE,bulk,SELL,INVESTERIA FINANCIAL SERVICES PRIVATE LIMITED,103732.0,88.67
2026-07-21,ASPIRA,BSE,bulk,BUY,VINOD CHANDULAL MAV,53900.0,88.5
2026-07-21,ATALREAL,NSE,bulk,BUY,ALTIZEN VENTURES LLP,623595,30.46
2026-07-21,ATALREAL,NSE,bulk,BUY,ACME CAPITAL MARKET LIMITED,1303026,30.52
2026-07-21,ATALREAL,NSE,bulk,BUY,CHAUBARA EATS PRIVATE LIMITED,830000,30.35
2026-07-21,ATALREAL,NSE,bulk,BUY,QE SECURITIES LLP,643739,30.52
2026-07-21,ATALREAL,NSE,bulk,SELL,QE SECURITIES LLP,618661,30.42
2026-07-21,ATALREAL,NSE,bulk,SELL,CHAUBARA EATS PRIVATE LIMITED,830000,30.41
2026-07-21,ATALREAL,NSE,bulk,SELL,ALTIZEN VENTURES LLP,545000,30.54
2026-07-21,ATALREAL,NSE,bulk,SELL,ACME CAPITAL MARKET LIMITED,1303026,30.45
2026-07-21,BALPHARMA,NSE,bulk,BUY,ORION STOCKS LTD,16325,89.69
2026-07-21,BALPHARMA,NSE,bulk,SELL,ORION STOCKS LTD,122544,89.7
2026-07-21,BALPHARMA,BSE,bulk,BUY,ORION STOCKS LTD,120073.0,89.58
2026-07-21,BALPHARMA,BSE,bulk,SELL,ORION STOCKS LTD,8104.0,89.8
2026-07-21,BECTORFOOD,NSE,bulk,BUY,QE SECURITIES LLP,2432481,211.02
2026-07-21,BECTORFOOD,NSE,bulk,BUY,HRTI PRIVATE LIMITED,2792026,211.35
2026-07-21,BECTORFOOD,NSE,bulk,BUY,JUNOMONETA FINSOL PRIVATE LIMITED,2714042,212.66
2026-07-21,BECTORFOOD,NSE,bulk,SELL,QE SECURITIES LLP,2410872,212.87
2026-07-21,BECTORFOOD,NSE,bulk,SELL,HRTI PRIVATE LIMITED,2856165,212.99
2026-07-21,BECTORFOOD,NSE,bulk,SELL,JUNOMONETA FINSOL PRIVATE LIMITED,2714873,212.76
2026-07-21,BEPL,NSE,bulk,SELL,ELIXIR WEALTH MANAGEMENT PRIVATE LIMITED,1556773,135.04
2026-07-21,BEPL,NSE,bulk,SELL,QE SECURITIES LLP,3369470,132.98
2026-07-21,BEPL,NSE,bulk,SELL,MICROCURVES TRADING PRIVATE LIMITED,2574708,132.46
2026-07-21,BEPL,NSE,bulk,SELL,JUNOMONETA FINSOL PRIVATE LIMITED,4552116,132.83
2026-07-21,BEPL,NSE,bulk,SELL,ALPHAGREP SECURITIES PRIVATE LIMITED,1365912,133.18
2026-07-21,BEPL,NSE,bulk,BUY,ELIXIR WEALTH MANAGEMENT PRIVATE LIMITED,1586109,133.81
2026-07-21,BEPL,NSE,bulk,BUY,NK SECURITIES RESEARCH PRIVATE LIMITED,1590191,133.14
2026-07-21,BEPL,NSE,bulk,BUY,ALPHAGREP SECURITIES PRIVATE LIMITED,1365912,133.01
2026-07-21,BEPL,NSE,bulk,BUY,QE SECURITIES LLP,3331556,132.11
2026-07-21,BEPL,NSE,bulk,BUY,JUNOMONETA FINSOL PRIVATE LIMITED,4526989,132.79
2026-07-21,BEPL,NSE,bulk,BUY,MICROCURVES TRADING PRIVATE LIMITED,2574710,132.38
2026-07-21,BEPL,NSE,bulk,SELL,NK SECURITIES RESEARCH PRIVATE LIMITED,1590191,133.2
2026-07-21,BLISSGVS,NSE,bulk,SELL,ARIAN INVESTMENT LTD,700000,485
2026-07-21,BLISSGVS,NSE,bulk,BUY,NOVA VIDA LIMITED,700000,485
2026-07-21,BLISSGVS,NSE,block,BUY,NOVA VIDA LIMITED,700000,485
2026-07-21,BLISSGVS,NSE,block,SELL,ARIAN INVESTMENT LTD,700000,485
2026-07-21,BLUESTONE,NSE,bulk,SELL,MICROCURVES TRADING PRIVATE LIMITED,1016905,688.87
2026-07-21,BLUESTONE,NSE,bulk,BUY,MICROCURVES TRADING PRIVATE LIMITED,1016509,688.2
2026-07-21,C2C,NSE,bulk,SELL,SETU SECURITIES PVT LTD,143100,268.15
2026-07-21,COMSYN,NSE,bulk,SELL,ARIHANT CAPITAL MARKETS LIMITED,553097,208.87
2026-07-21,COMSYN,NSE,bulk,SELL,IMC INDIA SECURITIES PRIVATE LIMITED,74345,203.03
2026-07-21,COMSYN,NSE,bulk,BUY,ARIHANT CAPITAL MARKETS LIMITED,779760,203.47
2026-07-21,COMSYN,NSE,bulk,BUY,IMC INDIA SECURITIES PRIVATE LIMITED,267899,210.21
2026-07-21,CROPSTER,BSE,bulk,SELL,SHIVANG NAVINCHANDRA NAYAK,4250000.0,7.28
2026-07-21,CROPSTER,BSE,bulk,SELL,JAYESH JAYANTILAL PANCHAL,8475251.0,7.28
2026-07-21,CROPSTER,BSE,bulk,BUY,JAYESH JAYANTILAL PANCHAL,1578110.0,7.28
2026-07-21,DHYAANITR,BSE,bulk,BUY,PRAKASHCHANDRA FULCHAND SHAH,162400.0,4.5
2026-07-21,DIGIKORE,NSE,bulk,SELL,SHREE MPJ CEMENT WORKS LLP,71200,49.93
2026-07-21,DYCL,NSE,bulk,SELL,NK SECURITIES RESEARCH PRIVATE LIMITED,268037,454.91
2026-07-21,DYCL,NSE,bulk,SELL,MICROCURVES TRADING PRIVATE LIMITED,387555,456.59
2026-07-21,DYCL,NSE,bulk,SELL,QE SECURITIES LLP,409983,452.27
2026-07-21,DYCL,NSE,bulk,SELL,HRTI PRIVATE LIMITED,316385,452.35
2026-07-21,DYCL,NSE,bulk,SELL,JUNOMONETA FINSOL PRIVATE LIMITED,637728,451.44
2026-07-21,DYCL,NSE,bulk,BUY,HRTI PRIVATE LIMITED,345044,444.71
2026-07-21,DYCL,NSE,bulk,BUY,QE SECURITIES LLP,429305,449.57
2026-07-21,DYCL,NSE,bulk,BUY,MICROCURVES TRADING PRIVATE LIMITED,387555,456.49
2026-07-21,DYCL,NSE,bulk,BUY,NK SECURITIES RESEARCH PRIVATE LIMITED,268037,454.76
2026-07-21,DYCL,NSE,bulk,BUY,JUNOMONETA FINSOL PRIVATE LIMITED,639108,451.33
2026-07-21,EFORU,BSE,bulk,SELL,AKHILUNNAM,50559.0,93.15
2026-07-21,EFORU,BSE,bulk,BUY,MOKSHA PATEL,50600.0,93.15
2026-07-21,EMAINDIA,BSE,bulk,SELL,PREETI  BHAUKA,7144.0,733.21
2026-07-21,EMAINDIA,BSE,bulk,BUY,MDP BUSINESS CONSULTANTS PVT. LTD.,6400.0,733.2
2026-07-21,ENBETRD,BSE,bulk,SELL,VALLIYAPPANLAKSHMANAN,3517769.0,0.29
2026-07-21,FEDDERSHOL,NSE,bulk,SELL,BULLPULSE MARKETEDGE PRIVATE LIMITED,1066674,51.32
2026-07-21,FEDDERSHOL,NSE,bulk,BUY,BULLPULSE MARKETEDGE PRIVATE LIMITED,1076022,51.36
2026-07-21,FINOPB,NSE,bulk,SELL,HRTI PRIVATE LIMITED,603801,173.42
2026-07-21,FINOPB,NSE,bulk,SELL,JUNOMONETA FINSOL PRIVATE LIMITED,494886,173.44
2026-07-21,FINOPB,NSE,bulk,BUY,JUNOMONETA FINSOL PRIVATE LIMITED,503108,173.33
2026-07-21,FINOPB,NSE,bulk,BUY,HRTI PRIVATE LIMITED,591547,172.61
2026-07-21,GANONPRO,BSE,bulk,BUY,RAJENDRA NAMDEO SONAWANE,64202.0,11.92
2026-07-21,GUJCOTEX,BSE,bulk,SELL,NEO APEX SHARE BROKING SERVICES LLP,1000000.0,2.68
2026-07-21,HILLTONE,BSE,bulk,SELL,DEALMONEY COMMODITIES PRIVATE LIMITED,100000.0,40.99
2026-07-21,HIMTEK,BSE,bulk,BUY,ZAKI ABBAS NASSER,110000.0,246.76
2026-07-21,HUHTAMAKI,NSE,bulk,SELL,SEETHA KUMARI .,454085,262.19
2026-07-21,JAIPAN,BSE,bulk,SELL,VEENA JAINARAIN AGARWAL,100000.0,33.11
2026-07-21,JAIPAN,BSE,bulk,BUY,KRITIKA  GARG,31000.0,32.5
2026-07-21,KARURVYSYA,NSE,bulk,SELL,MICROCURVES TRADING PRIVATE LIMITED,5638264,333.51
2026-07-21,KARURVYSYA,NSE,bulk,BUY,MICROCURVES TRADING PRIVATE LIMITED,5638465,333.27
2026-07-21,LAMOSAIC,NSE,bulk,SELL,MAHESH MULCHAND WAGHELA,168000,46.4
2026-07-21,MAGNUS,BSE,bulk,BUY,RAJESH KUMAR RATHORE,19000.0,52.17
2026-07-21,MANBA,NSE,bulk,BUY,VED INVESTMENTS,355000,138
2026-07-21,MARKOLINES,NSE,bulk,SELL,VISTAAR TRADING SERVICE PRIVATE LIMITED,229167,177.66
2026-07-21,MARKOLINES,NSE,bulk,BUY,VISTAAR TRADING SERVICE PRIVATE LIMITED,229338,177.9
2026-07-21,MILLWORKS,BSE,bulk,BUY,NEO APEX SHARE BROKING SERVICES LLP,744800.0,660.3
2026-07-21,MILLWORKS,BSE,bulk,BUY,F3 ADVISORS PRIVATE LIMITED,304800.0,628.94
2026-07-21,MODIS,NSE,bulk,SELL,SHRENI SHARES PVT,82961,392.14
2026-07-21,MODIS,NSE,bulk,BUY,SHRENI SHARES PVT,106567,390.98
2026-07-21,MOTISONS,NSE,bulk,SELL,ARIHANT CAPITAL MARKETS LIMITED,8347563,14.04
2026-07-21,MOTISONS,NSE,bulk,BUY,ARIHANT CAPITAL MARKETS LIMITED,3426162,14.14
2026-07-21,NARMADA,NSE,bulk,SELL,QE SECURITIES LLP,311110,36.35
2026-07-21,NARMADA,NSE,bulk,BUY,QE SECURITIES LLP,293001,36.48
2026-07-21,NARMADESH,BSE,bulk,BUY,DISSEMINATE MULTIMEDIA PRIVATE LIMITED,26400.0,309.75
2026-07-21,NARMADESH,BSE,bulk,BUY,MATRIX LIFE CARE INDIA PRIVATE LIMITED,17520.0,309.75
2026-07-21,NARMADESH,BSE,bulk,SELL,JSK SECURITIES AND SERVICES PRIVATE LIMITED,34320.0,309.59
2026-07-21,NCLRESE,BSE,bulk,BUY,VIJAY KUMAR AGGARWAL,13737149.0,0.72
2026-07-21,NDASEC,BSE,bulk,SELL,RAM GOPAL RAMGARHIA,131248.0,31.99
2026-07-21,NDASEC,BSE,bulk,BUY,SATISH KUMAR ARYA,107509.0,32.03
2026-07-21,NMSGLOBAL,BSE,bulk,SELL,TWINTURBO PLATFORMS LLP,40001.0,76.47
2026-07-21,NVENTURES,BSE,bulk,BUY,MAHESHBHAI RAMESHBHAI VAGHELA,32250.0,79.62
2026-07-21,NVENTURES,BSE,bulk,SELL,L7 HITECH PRIVATE LIMITED,67500.0,79.6
2026-07-21,NVENTURES,BSE,bulk,BUY,L7 HITECH PRIVATE LIMITED,47250.0,78.7
2026-07-21,ONTIC,BSE,bulk,SELL,KAPADIA FINWEALTH LLP  .,222876.0,2.2
2026-07-21,ONTIC,BSE,bulk,SELL,NISHIL FINANCIAL ADVISORS LLP  .,816378.0,2.21
2026-07-21,ONTIC,BSE,bulk,BUY,KAPADIA FINWEALTH LLP  .,749297.0,2.18
2026-07-21,ONTIC,BSE,bulk,BUY,NISHIL FINANCIAL ADVISORS LLP  .,1215637.0,2.22
2026-07-21,PULSRIN,BSE,bulk,SELL,SHARE INDIA SECURITIES LIMITED,4355576.0,0.38
2026-07-21,PULSRIN,BSE,bulk,BUY,SHARE INDIA SECURITIES LIMITED,3745555.0,0.38
2026-07-21,PVVINFRA,BSE,bulk,SELL,HAINDEVI PROPERTIES PRIVATE LIMITED,1800819.0,3.45
2026-07-21,PVVINFRA,BSE,bulk,BUY,HAINDEVI PROPERTIES PRIVATE LIMITED,2815.0,3.38
2026-07-21,PVVINFRA,BSE,bulk,BUY,SAI ROSHNI CAPITAL PRIVATE LIMITED,1925000.0,3.45
2026-07-21,SHARPINV,BSE,bulk,BUY,SHREE TULSI PROPERTIES PRIVATE LIMITED,6700000.0,0.37
2026-07-21,SHARPINV,BSE,bulk,SELL,SYNOSY AUTOMOTIVE (P) LTD.,9319215.0,0.37
2026-07-21,SHARPINV,BSE,bulk,BUY,SNEHA  CHOUDHURY,2500000.0,0.37
2026-07-21,STALLION,NSE,bulk,SELL,MICROCURVES TRADING PRIVATE LIMITED,1318972,242.38
2026-07-21,STALLION,NSE,bulk,SELL,JUNOMONETA FINSOL PRIVATE LIMITED,1171155,240.73
2026-07-21,STALLION,NSE,bulk,SELL,HRTI PRIVATE LIMITED,809996,237.81
2026-07-21,STALLION,NSE,bulk,SELL,QE SECURITIES LLP,911086,238.1
2026-07-21,STALLION,NSE,bulk,SELL,NK SECURITIES RESEARCH PRIVATE LIMITED,656746,241.15
2026-07-21,STALLION,NSE,bulk,BUY,NK SECURITIES RESEARCH PRIVATE LIMITED,656746,241.02
2026-07-21,STALLION,NSE,bulk,BUY,JUNOMONETA FINSOL PRIVATE LIMITED,1178643,240.61
2026-07-21,STALLION,NSE,bulk,BUY,MICROCURVES TRADING PRIVATE LIMITED,1318972,242.2
2026-07-21,STALLION,NSE,bulk,BUY,QE SECURITIES LLP,883984,237.44
2026-07-21,STALLION,NSE,bulk,BUY,HRTI PRIVATE LIMITED,814608,237.11
2026-07-21,SUJALA,BSE,bulk,SELL,MSB E TRADE SECURITIES LIMITED,8298.0,16.55
2026-07-21,SUJALA,BSE,bulk,BUY,MSB E TRADE SECURITIES LIMITED,29186.0,16.82
2026-07-21,TARSONS,NSE,bulk,SELL,NK SECURITIES RESEARCH PRIVATE LIMITED,350036,318.86
2026-07-21,TARSONS,NSE,bulk,BUY,NK SECURITIES RESEARCH PRIVATE LIMITED,350036,318.63
2026-07-21,TEJASSVI,BSE,bulk,SELL,GOVINDARAJULU  BAKTHAVATSALU,45400.0,55.01
2026-07-21,TEJASSVI,BSE,bulk,SELL,JOHN AMIRTHARAJ HENRY,44640.0,56.0
2026-07-21,TEJASSVI,BSE,bulk,BUY,KANURI FAMILY TRUST,50000.0,55.1
2026-07-21,TINNARUBR,NSE,bulk,SELL,JUNOMONETA FINSOL PRIVATE LIMITED,102334,1232.48
2026-07-21,TINNARUBR,NSE,bulk,SELL,QE SECURITIES LLP,99575,1237.01
2026-07-21,TINNARUBR,NSE,bulk,BUY,QE SECURITIES LLP,99309,1231.83
2026-07-21,TINNARUBR,NSE,bulk,BUY,JUNOMONETA FINSOL PRIVATE LIMITED,92482,1233.33
2026-07-21,TITANIN,BSE,bulk,SELL,HAINDEVI PROPERTIES PRIVATE LIMITED,5598147.0,0.99
2026-07-21,TITANIN,BSE,bulk,BUY,HAINDEVI PROPERTIES PRIVATE LIMITED,5598148.0,0.98
2026-07-21,TITANIN,BSE,bulk,BUY,SAI ROSHNI CAPITAL PRIVATE LIMITED,6660909.0,0.99
2026-07-21,TITANIN,BSE,bulk,SELL,PARROT DRISTI PRIVATE LIMITED,4500015.0,0.98
2026-07-21,VIMTALABS,NSE,bulk,SELL,MICROCURVES TRADING PRIVATE LIMITED,366347,604.27
2026-07-21,VIMTALABS,NSE,bulk,BUY,MICROCURVES TRADING PRIVATE LIMITED,366347,603.9
2026-07-21,VMOBILE,NSE,bulk,SELL,NEO APEX SHARE BROKING SERVICES LLP,48000,83.7
2026-07-21,VMOBILE,NSE,bulk,BUY,NEO APEX SHARE BROKING SERVICES LLP,204000,83.7
